timestamp,event_type,description,balance_before,balance_after,stake,status
2026-02-04 15:18:55,CYCLE_COMPLETE,Cycle #1 finished successfully.,,,,success
2026-02-05 21:20:00,CYCLE_COMPLETE,Cycle #1 finished successfully.,,,,success
2026-02-05 21:31:24,CYCLE_COMPLETE,Cycle #2 finished successfully.,,,,success
2026-02-05 21:39:18,CYCLE_COMPLETE,Cycle #3 finished successfully.,,,,success
2026-02-05 21:47:07,CYCLE_COMPLETE,Cycle #4 finished successfully.,,,,success
2026-02-05 21:55:22,CYCLE_COMPLETE,Cycle #5 finished successfully.,,,,success
2026-02-05 22:03:04,CYCLE_COMPLETE,Cycle #6 finished successfully.,,,,success
2026-02-06 06:44:37,CYCLE_COMPLETE,Cycle #1 finished successfully.,,,,success
2026-02-06 06:52:49,CYCLE_COMPLETE,Cycle #2 finished successfully.,,,,success
2026-02-06 07:00:14,CYCLE_COMPLETE,Cycle #3 finished successfully.,,,,success
2026-02-06 07:07:22,CYCLE_COMPLETE,Cycle #4 finished successfully.,,,,success
2026-02-06 07:14:33,CYCLE_COMPLETE,Cycle #5 finished successfully.,,,,success
2026-02-06 07:21:48,CYCLE_COMPLETE,Cycle #6 finished successfully.,,,,success
2026-02-06 07:29:01,CYCLE_COMPLETE,Cycle #7 finished successfully.,,,,success
2026-02-06 07:36:02,CYCLE_COMPLETE,Cycle #8 finished successfully.,,,,success
2026-02-06 07:43:23,CYCLE_COMPLETE,Cycle #9 finished successfully.,,,,success
2026-02-06 07:50:34,CYCLE_COMPLETE,Cycle #10 finished successfully.,,,,success
2026-02-06 07:57:53,CYCLE_COMPLETE,Cycle #11 finished successfully.,,,,success
2026-02-06 08:05:05,CYCLE_COMPLETE,Cycle #12 finished successfully.,,,,success
2026-02-06 08:12:16,CYCLE_COMPLETE,Cycle #13 finished successfully.,,,,success
2026-02-06 08:19:27,CYCLE_COMPLETE,Cycle #14 finished successfully.,,,,success
2026-02-06 08:26:40,CYCLE_COMPLETE,Cycle #15 finished successfully.,,,,success
2026-02-06 08:35:58,CYCLE_COMPLETE,Cycle #16 finished successfully.,,,,success
2026-02-06 08:43:01,CYCLE_COMPLETE,Cycle #17 finished successfully.,,,,success
2026-02-06 08:49:56,CYCLE_COMPLETE,Cycle #18 finished successfully.,,,,success
2026-02-06 08:57:01,CYCLE_COMPLETE,Cycle #19 finished successfully.,,,,success
2026-02-06 09:04:10,CYCLE_COMPLETE,Cycle #20 finished successfully.,,,,success
2026-02-06 09:11:24,CYCLE_COMPLETE,Cycle #21 finished successfully.,,,,success
2026-02-06 09:18:30,CYCLE_COMPLETE,Cycle #22 finished successfully.,,,,success
2026-02-06 09:25:41,CYCLE_COMPLETE,Cycle #23 finished successfully.,,,,success
2026-02-06 09:32:36,CYCLE_COMPLETE,Cycle #24 finished successfully.,,,,success
2026-02-06 09:39:28,CYCLE_COMPLETE,Cycle #25 finished successfully.,,,,success
2026-02-06 12:25:56,CYCLE_COMPLETE,Cycle #1 finished successfully.,,,,success
2026-02-10 09:38:29,CYCLE_COMPLETE,Cycle #1 finished successfully.,,,,success
2026-02-10 09:42:35,CYCLE_COMPLETE,Cycle #1 finished successfully.,,,,success
2026-02-10 09:44:32,CYCLE_COMPLETE,Cycle #1 finished successfully.,,,,success
2026-02-10 09:45:35,CYCLE_COMPLETE,Cycle #2 finished successfully.,,,,success
