region_league_id,region,league_name,url
INDONESIA_SUPER_LEAGUE___ROUND_8,INDONESIA,SUPER LEAGUE - ROUND 8,https://www.flashscore.com/football/
AUSTRALIA_A_LEAGUE_WOMEN___ROUND_9,AUSTRALIA,A-LEAGUE WOMEN - ROUND 9,https://www.flashscore.com/football/
AUSTRALIA_A_LEAGUE___ROUND_10,AUSTRALIA,A-League - Round 10,https://www.flashscore.com/football/
TURKEY_SUPER_LIG_WOMEN___ROUND_14,TURKEY,SUPER LIG WOMEN - ROUND 14,https://www.flashscore.com/football/
HONDURAS_LIGA_NACIONAL___APERTURA___TRIANGULARES___ROUND_6,HONDURAS,LIGA NACIONAL - APERTURA - TRIANGULARES - ROUND 6,https://www.flashscore.com/football/
WORLD_CLUB_FRIENDLY,WORLD,CLUB FRIENDLY,https://www.flashscore.com/football/
SURINAME_SML___ROUND_9,SURINAME,SML - ROUND 9,https://www.flashscore.com/football/
PORTUGAL_LIGA_PORTUGAL___ROUND_16,PORTUGAL,LIGA PORTUGAL - ROUND 16,https://www.flashscore.com/football/
BELGIUM_JUPILER_PRO_LEAGUE___ROUND_20,BELGIUM,JUPILER PRO LEAGUE - ROUND 20,https://www.flashscore.com/football/
AFRICA_AFRICA_CUP_OF_NATIONS___ROUND_2,AFRICA,AFRICA CUP OF NATIONS - ROUND 2,https://www.flashscore.com/football/
ITALY_SERIE_A___ROUND_17,ITALY,SERIE A - ROUND 17,https://www.flashscore.com/football/
ITALY_SERIE_B___ROUND_18,ITALY,SERIE B - ROUND 18,https://www.flashscore.com/football/
SCOTLAND_PREMIERSHIP___ROUND_19,SCOTLAND,PREMIERSHIP - ROUND 19,https://www.flashscore.com/football/
ALGERIA_LIGUE_1___ROUND_14,ALGERIA,LIGUE 1 - ROUND 14,https://www.flashscore.com/football/
SAUDI_ARABIA_SAUDI_PROFESSIONAL_LEAGUE___ROUND_11,SAUDI ARABIA,SAUDI PROFESSIONAL LEAGUE - ROUND 11,https://www.flashscore.com/football/
ENGLAND_PREMIER_LEAGUE___ROUND_18,ENGLAND,PREMIER LEAGUE - ROUND 18,https://www.flashscore.com/football/
RWANDA_PREMIER_LEAGUE,RWANDA,PREMIER LEAGUE,https://www.flashscore.com/football/
SIERRA_LEONE_PREMIER_LEAGUE___ROUND_8,SIERRA LEONE,PREMIER LEAGUE - ROUND 8,https://www.flashscore.com/football/
TURKEY_1._LIG___ROUND_19,TURKEY,1. LIG - ROUND 19,https://www.flashscore.com/football/
NIGER_SUPER_LIGUE___ROUND_11,NIGER,SUPER LIGUE - ROUND 11,https://www.flashscore.com/football/
LIBERIA_LFA_FIRST_DIVISION___ROUND_18,LIBERIA,LFA FIRST DIVISION - ROUND 18,https://www.flashscore.com/football/
GAMBIA_GFA_LEAGUE___ROUND_3,GAMBIA,GFA LEAGUE - ROUND 3,https://www.flashscore.com/football/
SCOTLAND_LEAGUE_TWO___ROUND_18,SCOTLAND,LEAGUE TWO - ROUND 18,https://www.flashscore.com/football/
SCOTLAND_LEAGUE_ONE___ROUND_19,SCOTLAND,LEAGUE ONE - ROUND 19,https://www.flashscore.com/football/
SCOTLAND_CHAMPIONSHIP___ROUND_20,SCOTLAND,CHAMPIONSHIP - ROUND 20,https://www.flashscore.com/football/
NORTHERN_IRELAND_NIFL_CHAMPIONSHIP___ROUND_22,NORTHERN IRELAND,NIFL CHAMPIONSHIP - ROUND 22,https://www.flashscore.com/football/
IRAQ_STARS_LEAGUE___ROUND_8,IRAQ,STARS LEAGUE - ROUND 8,https://www.flashscore.com/football/
GHANA_DIVISION_ONE_LEAGUE___ROUND_13,GHANA,DIVISION ONE LEAGUE - ROUND 13,https://www.flashscore.com/football/
GHANA_PREMIER_LEAGUE___ROUND_16,GHANA,PREMIER LEAGUE - ROUND 16,https://www.flashscore.com/football/
WALES_CYMRU_PREMIER___ROUND_20,WALES,CYMRU PREMIER - ROUND 20,https://www.flashscore.com/football/
QATAR_QSL___ROUND_11,QATAR,QSL - ROUND 11,https://www.flashscore.com/football/
WALES_CYMRU_NORTH___ROUND_17,WALES,CYMRU NORTH - ROUND 17,https://www.flashscore.com/football/
WALES_CYMRU_SOUTH___ROUND_17,WALES,CYMRU SOUTH - ROUND 17,https://www.flashscore.com/football/
DR_CONGO_LIGUE_1___ROUND_10,DR CONGO,LIGUE 1 - ROUND 10,https://www.flashscore.com/football/
IRAN_PERSIAN_GULF_PRO_LEAGUE___ROUND_15,IRAN,PERSIAN GULF PRO LEAGUE - ROUND 15,https://www.flashscore.com/football/
DR_CONGO_LIGUE_1___ROUND_15,DR CONGO,LIGUE 1 - ROUND 15,https://www.flashscore.com/football/
BAHRAIN_PREMIER_LEAGUE___ROUND_9,BAHRAIN,PREMIER LEAGUE - ROUND 9,https://www.flashscore.com/football/
LIBYA_PREMIER_LEAGUE___ROUND_2,LIBYA,PREMIER LEAGUE - ROUND 2,https://www.flashscore.com/football/
MALAWI_SUPER_LEAGUE,MALAWI,SUPER LEAGUE,https://www.flashscore.com/football/
LEBANON_PREMIER_LEAGUE___ROUND_11,LEBANON,PREMIER LEAGUE - ROUND 11,https://www.flashscore.com/football/
BANGLADESH_BFL___ROUND_8,BANGLADESH,BFL - ROUND 8,https://www.flashscore.com/football/
CAMBODIA_CPL___ROUND_14,CAMBODIA,CPL - ROUND 14,https://www.flashscore.com/football/
INDIA_IWL_WOMEN___ROUND_3,INDIA,IWL WOMEN - ROUND 3,https://www.flashscore.com/football/
TRINIDAD_AND_TOBAGO_TT_PREMIER_LEAGUE___ROUND_10,TRINIDAD AND TOBAGO,TT PREMIER LEAGUE - ROUND 10,https://www.flashscore.com/football/
ENGLAND_CHAMPIONSHIP___ROUND_23,ENGLAND,CHAMPIONSHIP - ROUND 23,https://www.flashscore.com/football/
BURKINA_FASO_PREMIER_LEAGUE___ROUND_15,BURKINA FASO,PREMIER LEAGUE - ROUND 15,https://www.flashscore.com/football/
NORTHERN_IRELAND_NIFL_PREMIERSHIP___ROUND_22,NORTHERN IRELAND,NIFL PREMIERSHIP - ROUND 22,https://www.flashscore.com/football/
ENGLAND_LEAGUE_TWO___ROUND_22,ENGLAND,LEAGUE TWO - ROUND 22,https://www.flashscore.com/football/
ENGLAND_LEAGUE_ONE___ROUND_22,ENGLAND,LEAGUE ONE - ROUND 22,https://www.flashscore.com/football/
BENIN_LIGUE_1___ROUND_14,BENIN,LIGUE 1 - ROUND 14,https://www.flashscore.com/football/
SAUDI_ARABIA_DIVISION_1___ROUND_13,SAUDI ARABIA,DIVISION 1 - ROUND 13,https://www.flashscore.com/football/
ETHIOPIA_PREMIER_LEAGUE___ROUND_11,ETHIOPIA,PREMIER LEAGUE - ROUND 11,https://www.flashscore.com/football/
DR_CONGO_LIGUE_1___ROUND_6,DR CONGO,LIGUE 1 - ROUND 6,https://www.flashscore.com/football/
INDIA_SANTOSH_TROPHY,INDIA,SANTOSH TROPHY,https://www.flashscore.com/football/
HONDURAS_LIGA_NACIONAL___APERTURA___TRIANGULARES___ROUND_5,HONDURAS,LIGA NACIONAL - APERTURA - TRIANGULARES - ROUND 5,https://www.flashscore.com/football/
ALGERIA_LIGUE_1___ROUND_8,ALGERIA,LIGUE 1 - ROUND 8,https://www.flashscore.com/football/
EGYPT_LEAGUE_CUP___ROUND_3,EGYPT,LEAGUE CUP - ROUND 3,https://www.flashscore.com/football/
MYANMAR_NATIONAL_LEAGUE___ROUND_9,MYANMAR,NATIONAL LEAGUE - ROUND 9,https://www.flashscore.com/football/
SURINAME_SML___ROUND_7,SURINAME,SML - ROUND 7,https://www.flashscore.com/football/
AFRICA_AFRICA_CUP_OF_NATIONS___ROUND_1,AFRICA,AFRICA CUP OF NATIONS - ROUND 1,https://www.flashscore.com/football/
TURKEY_TURKISH_CUP___ROUND_1,TURKEY,TURKISH CUP - ROUND 1,https://www.flashscore.com/football/
LIBERIA_LFA_FIRST_DIVISION___ROUND_17,LIBERIA,LFA FIRST DIVISION - ROUND 17,https://www.flashscore.com/football/
ASIA_AFC_CHAMPIONS_LEAGUE_2___ROUND_6,ASIA,AFC CHAMPIONS LEAGUE 2 - ROUND 6,https://www.flashscore.com/football/
GHANA_PREMIER_LEAGUE___ROUND_15,GHANA,PREMIER LEAGUE - ROUND 15,https://www.flashscore.com/football/
ASIA_GULF_CLUB_CHAMPIONS_LEAGUE___ROUND_4,ASIA,GULF CLUB CHAMPIONS LEAGUE - ROUND 4,https://www.flashscore.com/football/
ALBANIA_ABISSNET_SUPERIORE___ROUND_18,ALBANIA,ABISSNET SUPERIORE - ROUND 18,https://www.flashscore.com/football/
ZAMBIA_SUPER_LEAGUE___ROUND_13,ZAMBIA,SUPER LEAGUE - ROUND 13,https://www.flashscore.com/football/
CHAD_PREMIERE_DIVISION___LPFN___ROUND_8,CHAD,PREMIERE DIVISION - LPFN - ROUND 8,https://www.flashscore.com/football/
MALAYSIA_SUPER_LEAGUE___ROUND_13,MALAYSIA,SUPER LEAGUE - ROUND 13,https://www.flashscore.com/football/
DR_CONGO_LIGUE_1___ROUND_7,DR CONGO,LIGUE 1 - ROUND 7,https://www.flashscore.com/football/
THAILAND_THAI_LEAGUE_1___ROUND_13,THAILAND,THAI LEAGUE 1 - ROUND 13,https://www.flashscore.com/football/
THAILAND_THAI_LEAGUE_1___ROUND_8,THAILAND,THAI LEAGUE 1 - ROUND 8,https://www.flashscore.com/football/
KOSOVO_SUPERLIGA___ROUND_13,KOSOVO,SUPERLIGA - ROUND 13,https://www.flashscore.com/football/
THAILAND_THAI_LEAGUE_1___ROUND_10,THAILAND,THAI LEAGUE 1 - ROUND 10,https://www.flashscore.com/football/
INDIA_IWL_WOMEN___ROUND_2,INDIA,IWL WOMEN - ROUND 2,https://www.flashscore.com/football/
PORTUGAL_LIGA_PORTUGAL___ROUND_15,PORTUGAL,LIGA PORTUGAL - ROUND 15,https://www.flashscore.com/football/
ASIA_AFC_CHAMPIONS_LEAGUE___LEAGUE_PHASE___ROUND_6,ASIA,AFC CHAMPIONS LEAGUE - LEAGUE PHASE - ROUND 6,https://www.flashscore.com/football/
ALGERIA_LIGUE_1___ROUND_3,ALGERIA,LIGUE 1 - ROUND 3,https://www.flashscore.com/football/
GAMBIA_GFA_LEAGUE___ROUND_2,GAMBIA,GFA LEAGUE - ROUND 2,https://www.flashscore.com/football/
BURKINA_FASO_PREMIER_LEAGUE___ROUND_6,BURKINA FASO,PREMIER LEAGUE - ROUND 6,https://www.flashscore.com/football/
EGYPT_LEAGUE_CUP___ROUND_2,EGYPT,LEAGUE CUP - ROUND 2,https://www.flashscore.com/football/
DR_CONGO_LIGUE_1___ROUND_13,DR CONGO,LIGUE 1 - ROUND 13,https://www.flashscore.com/football/
DR_CONGO_LIGUE_1___ROUND_11,DR CONGO,LIGUE 1 - ROUND 11,https://www.flashscore.com/football/
INDONESIA_SUPER_LEAGUE___ROUND_15,INDONESIA,SUPER LEAGUE - ROUND 15,https://www.flashscore.com/football/
BANGLADESH_FEDERATION_CUP,BANGLADESH,FEDERATION CUP,https://www.flashscore.com/football/
AUSTRALIA_A_LEAGUE___ROUND_8,AUSTRALIA,A-LEAGUE - ROUND 8,https://www.flashscore.com/football/
AUSTRALIA_A_LEAGUE_WOMEN___ROUND_10,AUSTRALIA,A-LEAGUE WOMEN - ROUND 10,https://www.flashscore.com/football/
JAMAICA_PREMIER_LEAGUE___ROUND_13,JAMAICA,PREMIER LEAGUE - ROUND 13,https://www.flashscore.com/football/
PORTUGAL_LIGA_PORTUGAL_2___ROUND_16,PORTUGAL,LIGA PORTUGAL 2 - ROUND 16,https://www.flashscore.com/football/
JAMAICA_PREMIER_LEAGUE___ROUND_14,JAMAICA,PREMIER LEAGUE - ROUND 14,https://www.flashscore.com/football/
INDIA_IWL_WOMEN___ROUND_4,INDIA,IWL WOMEN - ROUND 4,https://www.flashscore.com/football/
NIGERIA_NPFL___ROUND_19,NIGERIA,NPFL - ROUND 19,https://www.flashscore.com/football/
CHAD_PREMIERE_DIVISION___LPFN___ROUND_9,CHAD,PREMIERE DIVISION - LPFN - ROUND 9,https://www.flashscore.com/football/
KUWAIT_PREMIER_LEAGUE___ROUND_6,KUWAIT,PREMIER LEAGUE - ROUND 6,https://www.flashscore.com/football/
UNITED_ARAB_EMIRATES_UAE_LEAGUE___ROUND_10,UNITED ARAB EMIRATES,UAE LEAGUE - ROUND 10,https://www.flashscore.com/football/
MALAYSIA_SUPER_LEAGUE___ROUND_6,MALAYSIA,SUPER LEAGUE - ROUND 6,https://www.flashscore.com/football/
DR_CONGO_LIGUE_1___ROUND_14,DR CONGO,LIGUE 1 - ROUND 14,https://www.flashscore.com/football/
ANTIGUA_&_BARBUDA_ABFA_PREMIER_LEAGUE___ROUND_8,ANTIGUA & BARBUDA,ABFA PREMIER LEAGUE - ROUND 8,https://www.flashscore.com/football/
MYANMAR_NATIONAL_LEAGUE___ROUND_10,MYANMAR,NATIONAL LEAGUE - ROUND 10,https://www.flashscore.com/football/
ETHIOPIA_PREMIER_LEAGUE___ROUND_12,ETHIOPIA,Premier League - Round 12,https://www.flashscore.com/football/
DR_CONGO_LIGUE_1___ROUND_12,DR CONGO,LIGUE 1 - ROUND 12,https://www.flashscore.com/football/
SAUDI_ARABIA_SAUDI_PROFESSIONAL_LEAGUE___ROUND_12,SAUDI ARABIA,SAUDI PROFESSIONAL LEAGUE - ROUND 12,https://www.flashscore.com/football/
OMAN_SULTAN_CUP___1/8_FINALS,OMAN,SULTAN CUP - 1/8-FINALS,https://www.flashscore.com/football/
AFRICA_AFRICA_CUP_OF_NATIONS___ROUND_3,AFRICA,AFRICA CUP OF NATIONS - ROUND 3,https://www.flashscore.com/football/
SIERRA_LEONE_PREMIER_LEAGUE___ROUND_9,SIERRA LEONE,PREMIER LEAGUE - ROUND 9,https://www.flashscore.com/football/
SENEGAL_LIGUE_1___ROUND_9,SENEGAL,LIGUE 1 - ROUND 9,https://www.flashscore.com/football/
ENGLAND_CHAMPIONSHIP___ROUND_24,ENGLAND,CHAMPIONSHIP - ROUND 24,https://www.flashscore.com/football/
ENGLAND_LEAGUE_TWO___ROUND_23,ENGLAND,LEAGUE TWO - ROUND 23,https://www.flashscore.com/football/
ENGLAND_LEAGUE_ONE___ROUND_23,ENGLAND,LEAGUE ONE - ROUND 23,https://www.flashscore.com/football/
WORLD_FRIENDLY_INTERNATIONAL,WORLD,FRIENDLY INTERNATIONAL,https://www.flashscore.com/football/
LEBANON_PREMIER_LEAGUE___ROUND_6,LEBANON,PREMIER LEAGUE - ROUND 6,https://www.flashscore.com/football/
SAUDI_ARABIA_DIVISION_1___ROUND_14,SAUDI ARABIA,DIVISION 1 - ROUND 14,https://www.flashscore.com/football/
IRAN_PERSIAN_GULF_PRO_LEAGUE___ROUND_7,IRAN,PERSIAN GULF PRO LEAGUE - ROUND 7,
IRAQ_STARS_LEAGUE___ROUND_9,IRAQ,STARS LEAGUE - ROUND 9,https://www.flashscore.com/football/
LIBYA_PREMIER_LEAGUE___ROUND_3,LIBYA,PREMIER LEAGUE - ROUND 3,https://www.flashscore.com/football/
KUWAIT_DIVISION_1___ROUND_9,KUWAIT,DIVISION 1 - ROUND 9,https://www.flashscore.com/football/
EGYPT_LEAGUE_CUP___ROUND_4,EGYPT,LEAGUE CUP - ROUND 4,https://www.flashscore.com/football/
NORTHERN_IRELAND_NIFL_CHAMPIONSHIP___ROUND_23,NORTHERN IRELAND,NIFL CHAMPIONSHIP - ROUND 23,https://www.flashscore.com/football/
LIBERIA_LFA_FIRST_DIVISION___ROUND_19,LIBERIA,LFA FIRST DIVISION - ROUND 19,https://www.flashscore.com/football/
ISRAEL_LIGAT_HA'AL___ROUND_16,ISRAEL,LIGAT HA'AL - ROUND 16,https://www.flashscore.com/football/
ENGLAND_PREMIER_LEAGUE___ROUND_19,ENGLAND,PREMIER LEAGUE - ROUND 19,https://www.flashscore.com/football/
NORTHERN_IRELAND_NIFL_PREMIERSHIP___ROUND_23,NORTHERN IRELAND,NIFL PREMIERSHIP - ROUND 23,https://www.flashscore.com/football/
WALES_CYMRU_SOUTH___ROUND_18,WALES,CYMRU SOUTH - ROUND 18,https://www.flashscore.com/football/
SCOTLAND_PREMIERSHIP___ROUND_20,SCOTLAND,PREMIERSHIP - ROUND 20,https://www.flashscore.com/football/
WALES_CYMRU_PREMIER___ROUND_21,WALES,CYMRU PREMIER - ROUND 21,https://www.flashscore.com/football/
WALES_CYMRU_NORTH___ROUND_18,WALES,CYMRU NORTH - ROUND 18,https://www.flashscore.com/football/
DR_CONGO_LIGUE_1___ROUND_1,DR CONGO,LIGUE 1 - ROUND 1,https://www.flashscore.com/football/
KUWAIT_PREMIER_LEAGUE___ROUND_10,KUWAIT,PREMIER LEAGUE - ROUND 10,https://www.flashscore.com/football/
GHANA_PREMIER_LEAGUE___ROUND_14,GHANA,PREMIER LEAGUE - ROUND 14,https://www.flashscore.com/football/
NIGER_SUPER_LIGUE___ROUND_12,NIGER,SUPER LIGUE - ROUND 12,https://www.flashscore.com/football/
AUSTRALIA_A_LEAGUE___ROUND_11,AUSTRALIA,A-LEAGUE - ROUND 11,https://www.flashscore.com/football/
ENGLAND_CHAMPIONSHIP___ROUND_25,ENGLAND,CHAMPIONSHIP - ROUND 25,https://www.flashscore.com/football/
IRAN_PERSIAN_GULF_PRO_LEAGUE___ROUND_10,IRAN,PERSIAN GULF PRO LEAGUE - ROUND 10,https://www.flashscore.com/football/
NORTHERN__NIFL_PREMIERSHIP___ROUND_23,NORTHERN,NIFL PREMIERSHIP - ROUND 23,https://www.flashscore.com/football/
DR_CONGO_LIGUE_1___ROUND_4,DR CONGO,LIGUE 1 - ROUND 4,https://www.flashscore.com/football/
ENGLAND_LEAGUE_ONE___ROUND_24,ENGLAND,LEAGUE ONE - ROUND 24,https://www.flashscore.com/football/
ENGLAND_LEAGUE_TWO___ROUND_24,ENGLAND,LEAGUE TWO - ROUND 24,https://www.flashscore.com/football/
BAHRAIN_PREMIER_LEAGUE___ROUND_10,BAHRAIN,PREMIER LEAGUE - ROUND 10,https://www.flashscore.com/football/
JAMAICA_PREMIER_LEAGUE___ROUND_10,JAMAICA,PREMIER LEAGUE - ROUND 10,https://www.flashscore.com/football/
INDIA_IWL_WOMEN___ROUND_5,INDIA,IWL WOMEN - ROUND 5,https://www.flashscore.com/football/
BANGLADESH_BFL___ROUND_9,BANGLADESH,BFL - ROUND 9,https://www.flashscore.com/football/
UNITED_ARAB_EMIRATES_UAE_LEAGUE___ROUND_11,UNITED ARAB EMIRATES,UAE LEAGUE - ROUND 11,https://www.flashscore.com/football/
ISRAEL_LEUMIT_LEAGUE___ROUND_17,ISRAEL,LEUMIT LEAGUE - ROUND 17,https://www.flashscore.com/football/
MALAYSIA_SUPER_LEAGUE___ROUND_14,MALAYSIA,SUPER LEAGUE - ROUND 14,https://www.flashscore.com/football/
SAUDI_ARABIA_SAUDI_PROFESSIONAL_LEAGUE___ROUND_13,SAUDI ARABIA,SAUDI PROFESSIONAL LEAGUE - ROUND 13,https://www.flashscore.com/football/
BRAZIL_COPINHA___ROUND_1,BRAZIL,COPINHA - ROUND 1,https://www.flashscore.com/football/
GHANA_DIVISION_ONE_LEAGUE___ROUND_14,GHANA,DIVISION ONE LEAGUE - ROUND 14,https://www.flashscore.com/football/
GHANA_PREMIER_LEAGUE___ROUND_17,GHANA,PREMIER LEAGUE - ROUND 17,https://www.flashscore.com/football/
ALGERIA_LIGUE_1___ROUND_6,ALGERIA,LIGUE 1 - ROUND 6,https://www.flashscore.com/football/
OMAN_SULTAN_CUP___QUARTER_FINALS,OMAN,SULTAN CUP - QUARTER-FINALS,https://www.flashscore.com/football/
CYPRUS_CYPRUS_LEAGUE___ROUND_16,CYPRUS,CYPRUS LEAGUE - ROUND 16,https://www.flashscore.com/football/
PORTUGAL_LIGA_PORTUGAL___ROUND_17,PORTUGAL,LIGA PORTUGAL - ROUND 17,https://www.flashscore.com/football/
SPAIN_LALIGA2___ROUND_20,SPAIN,LALIGA2 - ROUND 20,https://www.flashscore.com/football/
FRANCE_LIGUE_1___ROUND_17,FRANCE,LIGUE 1 - ROUND 17,https://www.flashscore.com/football/
ITALY_SERIE_A___ROUND_18,ITALY,SERIE A - ROUND 18,https://www.flashscore.com/football/
NORTHERN_IRELAND_NIFL_PREMIERSHIP___ROUND_24,NORTHERN IRELAND,NIFL PREMIERSHIP - ROUND 24,https://www.flashscore.com/football/
SPAIN_LALIGA___ROUND_18,SPAIN,LALIGA - ROUND 18,https://www.flashscore.com/football/
INDONESIA_SUPER_LEAGUE___ROUND_16,INDONESIA,SUPER LEAGUE - ROUND 16,https://www.flashscore.com/football/
AUSTRALIA_A_LEAGUE_WOMEN___ROUND_11,AUSTRALIA,A-LEAGUE WOMEN - ROUND 11,https://www.flashscore.com/football/
ETHIOPIA_PREMIER_LEAGUE___ROUND_13,ETHIOPIA,PREMIER LEAGUE - ROUND 13,https://www.flashscore.com/football/
ITALY_PRIMAVERA_1___ROUND_18,ITALY,PRIMAVERA 1 - ROUND 18,https://www.flashscore.com/football/
ASIA_GUANGDONG___HONG_KONG_CUP___FINAL,ASIA,GUANGDONG - HONG KONG CUP - FINAL,https://www.flashscore.com/football/
CAMBODIA_CPL___ROUND_15,CAMBODIA,CPL - ROUND 15,https://www.flashscore.com/football/
PORTUGAL_LIGA_PORTUGAL_2___ROUND_17,PORTUGAL,LIGA PORTUGAL 2 - ROUND 17,https://www.flashscore.com/football/
SPAIN_PRIMERA_RFEF___GROUP_1___ROUND_18,SPAIN,PRIMERA RFEF - GROUP 1 - ROUND 18,https://www.flashscore.com/football/
ENGLAND_PREMIER_LEAGUE___ROUND_20,ENGLAND,PREMIER LEAGUE - ROUND 20,https://www.flashscore.com/football/
CYPRUS_DIVISION_2___ROUND_14,CYPRUS,DIVISION 2 - ROUND 14,https://www.flashscore.com/football/
TRINIDAD_AND_TOBAGO_TT_PREMIER_LEAGUE___ROUND_11,TRINIDAD AND TOBAGO,TT PREMIER LEAGUE - ROUND 11,https://www.flashscore.com/football/
SPAIN_PRIMERA_RFEF___GROUP_2___ROUND_18,SPAIN,PRIMERA RFEF - GROUP 2 - ROUND 18,https://www.flashscore.com/football/
ITALY_SERIE_C___GROUP_A___ROUND_20,ITALY,SERIE C - GROUP A - ROUND 20,https://www.flashscore.com/football/
ITALY_SERIE_C___GROUP_B___ROUND_20,ITALY,SERIE C - GROUP B - ROUND 20,https://www.flashscore.com/football/
NORTHERN_IRELAND_NIFL_CHAMPIONSHIP___ROUND_24,NORTHERN IRELAND,NIFL CHAMPIONSHIP - ROUND 24,https://www.flashscore.com/football/
CHAD_PREMIERE_DIVISION___LPFN___ROUND_10,CHAD,PREMIERE DIVISION - LPFN - ROUND 10,https://www.flashscore.com/football/
WALES_CYMRU_PREMIER___ROUND_17,WALES,CYMRU PREMIER - ROUND 17,https://www.flashscore.com/football/
BENIN_LIGUE_1___ROUND_15,BENIN,LIGUE 1 - ROUND 15,https://www.flashscore.com/football/
SCOTLAND_PREMIERSHIP___ROUND_21,SCOTLAND,PREMIERSHIP - ROUND 21,https://www.flashscore.com/football/
PORTUGAL_LIGA_3___ROUND_15,PORTUGAL,LIGA 3 - ROUND 15,https://www.flashscore.com/football/
SCOTLAND_CHAMPIONSHIP___ROUND_21,SCOTLAND,CHAMPIONSHIP - ROUND 21,
GREECE_SUPER_CUP___FINAL,GREECE,SUPER CUP - FINAL,https://www.flashscore.com/football/
SCOTLAND_LEAGUE_ONE___ROUND_20,SCOTLAND,LEAGUE ONE - ROUND 20,https://www.flashscore.com/football/
SCOTLAND_LEAGUE_TWO___ROUND_19,SCOTLAND,LEAGUE TWO - ROUND 19,https://www.flashscore.com/football/
TOGO_CHAMPIONNAT_NATIONAL___ROUND_9,TOGO,CHAMPIONNAT NATIONAL - ROUND 9,https://www.flashscore.com/football/
ISRAEL_LIGAT_HA'AL___ROUND_17,ISRAEL,LIGAT HA'AL - ROUND 17,https://www.flashscore.com/football/
MALTA_FA_TROPHY___1/16_FINALS,MALTA,FA TROPHY - 1/16-FINALS,https://www.flashscore.com/football/
GAMBIA_GFA_LEAGUE___ROUND_4,GAMBIA,GFA LEAGUE - ROUND 4,https://www.flashscore.com/football/
GUINEA_LIGUE_1___ROUND_13,GUINEA,LIGUE 1 - ROUND 13,https://www.flashscore.com/football/
MALI_PREMIERE_DIVISION___ROUND_7,MALI,PREMIERE DIVISION - ROUND 7,https://www.flashscore.com/football/
AFRICA_AFRICA_CUP_OF_NATIONS___PLAY_OFFS___1/8_FINALS,AFRICA,AFRICA CUP OF NATIONS - PLAY OFFS - 1/8-FINALS,https://www.flashscore.com/football/
ITALY_SERIE_C___GROUP_C___ROUND_20,ITALY,SERIE C - GROUP C - ROUND 20,https://www.flashscore.com/football/
WORLD_KINGS_WORLD_CUP_NATIONS,WORLD,KINGS WORLD CUP NATIONS,https://www.flashscore.com/football/
FRANCE_LIGUE_2___ROUND_18,FRANCE,LIGUE 2 - ROUND 18,https://www.flashscore.com/football/
ANTIGUA_&_BARBUDA_ABFA_PREMIER_LEAGUE___ROUND_10,ANTIGUA & BARBUDA,ABFA PREMIER LEAGUE - ROUND 10,https://www.flashscore.com/football/
SURINAME_SML___ROUND_10,SURINAME,SML - ROUND 10,https://www.flashscore.com/football/
KENYA_PREMIER_LEAGUE___ROUND_9,KENYA,PREMIER LEAGUE - ROUND 9,https://www.flashscore.com/football/
THAILAND_THAI_LEAGUE_1___ROUND_18,THAILAND,THAI LEAGUE 1 - ROUND 18,https://www.flashscore.com/football/
ENGLAND_CHAMPIONSHIP___ROUND_26,ENGLAND,CHAMPIONSHIP - ROUND 26,https://www.flashscore.com/football/
ENGLAND_LEAGUE_ONE___ROUND_25,ENGLAND,LEAGUE ONE - ROUND 25,https://www.flashscore.com/football/
ENGLAND_LEAGUE_TWO___ROUND_25,ENGLAND,LEAGUE TWO - ROUND 25,https://www.flashscore.com/football/
KENYA_PREMIER_LEAGUE___ROUND_12,KENYA,PREMIER LEAGUE - ROUND 12,https://www.flashscore.com/football/
IRAQ_STARS_LEAGUE___ROUND_10,IRAQ,STARS LEAGUE - ROUND 10,https://www.flashscore.com/football/
UGANDA_BIG_LEAGUE,UGANDA,BIG LEAGUE,https://www.flashscore.com/football/
WALES_PREMIER_WOMEN___ROUND_12,WALES,PREMIER WOMEN - ROUND 12,https://www.flashscore.com/football/
KUWAIT_CROWN_PRINCE_CUP___1/8_FINALS,KUWAIT,CROWN PRINCE CUP - 1/8-FINALS,https://www.flashscore.com/football/
EGYPT_LEAGUE_CUP___ROUND_5,EGYPT,LEAGUE CUP - ROUND 5,https://www.flashscore.com/football/
MEXICO_LIGA_MX_WOMEN___CLAUSURA___ROUND_1,MEXICO,LIGA MX WOMEN - CLAUSURA - ROUND 1,https://www.flashscore.com/football/
JAMAICA_PREMIER_LEAGUE___ROUND_15,JAMAICA,PREMIER LEAGUE - ROUND 15,https://www.flashscore.com/football/
HONDURAS_LIGA_NACIONAL___APERTURA___PLAY_OFFS___FINAL,HONDURAS,LIGA NACIONAL - APERTURA - PLAY OFFS - FINAL,https://www.flashscore.com/football/
AUSTRALIA_A_LEAGUE___ROUND_17,AUSTRALIA,A-LEAGUE - ROUND 17,https://www.flashscore.com/football/
MYANMAR_NATIONAL_LEAGUE___ROUND_11,MYANMAR,NATIONAL LEAGUE - ROUND 11,https://www.flashscore.com/football/
SAUDI_ARABIA_DIVISION_1___ROUND_15,SAUDI ARABIA,DIVISION 1 - ROUND 15,https://www.flashscore.com/football/
LIBYA_PREMIER_LEAGUE___ROUND_4,LIBYA,PREMIER LEAGUE - ROUND 4,https://www.flashscore.com/football/
BRAZIL_COPINHA___ROUND_2,BRAZIL,COPINHA - ROUND 2,https://www.flashscore.com/football/
SIERRA_LEONE_PREMIER_LEAGUE___ROUND_10,SIERRA LEONE,PREMIER LEAGUE - ROUND 10,https://www.flashscore.com/football/
ALGERIA_LIGUE_1___ROUND_12,ALGERIA,LIGUE 1 - ROUND 12,https://www.flashscore.com/football/
TURKEY_SUPER_CUP___SEMI_FINALS,TURKEY,SUPER CUP - SEMI-FINALS,https://www.flashscore.com/football/
INDIA_IWL_WOMEN___ROUND_6,INDIA,IWL WOMEN - ROUND 6,https://www.flashscore.com/football/
AUSTRALIA_A_LEAGUE___ROUND_20,AUSTRALIA,A-LEAGUE - ROUND 20,https://www.flashscore.com/football/
ASIA_AFC_ASIAN_CUP_U23___ROUND_1,ASIA,AFC ASIAN CUP U23 - ROUND 1,https://www.flashscore.com/football/
OMAN_PROFESSIONAL_LEAGUE___ROUND_9,OMAN,PROFESSIONAL LEAGUE - ROUND 9,https://www.flashscore.com/football/
UGANDA_PREMIER_LEAGUE___ROUND_12,UGANDA,PREMIER LEAGUE - ROUND 12,https://www.flashscore.com/football/
UNITED_ARAB_EMIRATES_UAE_LEAGUE___ROUND_12,UNITED ARAB EMIRATES,UAE LEAGUE - ROUND 12,https://www.flashscore.com/football/
ITALY_SERIE_A___ROUND_19,ITALY,SERIE A - ROUND 19,https://www.flashscore.com/football/
QATAR_QSL___ROUND_12,QATAR,QSL - ROUND 12,https://www.flashscore.com/football/
GREECE_GREEK_CUP___PLAY_OFFS___1/8_FINALS,GREECE,GREEK CUP - PLAY OFFS - 1/8-FINALS,https://www.flashscore.com/football/
BAHRAIN_PREMIER_LEAGUE___ROUND_6,BAHRAIN,PREMIER LEAGUE - ROUND 6,https://www.flashscore.com/football/
MALTA_PREMIER_LEAGUE___FIRST_STAGE___PLAY_OUT___ROUND_15,MALTA,PREMIER LEAGUE - FIRST STAGE - PLAY OUT - ROUND 15,https://www.flashscore.com/football/
ENGLAND_PREMIER_LEAGUE_CUP,ENGLAND,PREMIER LEAGUE CUP,https://www.flashscore.com/football/
SPAIN_COPA_DEL_REY___1/16_FINALS,SPAIN,COPA DEL REY - 1/16-FINALS,https://www.flashscore.com/football/
EUROPE_PREMIER_LEAGUE_INTERNATIONAL_CUP,EUROPE,PREMIER LEAGUE INTERNATIONAL CUP,https://www.flashscore.com/football/
SCOTLAND_PREMIERSHIP___ROUND_11,SCOTLAND,PREMIERSHIP - ROUND 11,https://www.flashscore.com/football/
SCOTLAND_CHALLENGE_CUP___PLAY_OFFS___1/8_FINALS,SCOTLAND,CHALLENGE CUP - PLAY OFFS - 1/8-FINALS,https://www.flashscore.com/football/
WALES_CYMRU_NORTH___ROUND_14,WALES,CYMRU NORTH - ROUND 14,https://www.flashscore.com/football/
MALTA_PREMIER_LEAGUE___FIRST_STAGE___TOP_6___ROUND_15,MALTA,PREMIER LEAGUE - FIRST STAGE - TOP 6 - ROUND 15,https://www.flashscore.com/football/
ENGLAND_PREMIER_LEAGUE___ROUND_21,ENGLAND,PREMIER LEAGUE - ROUND 21,https://www.flashscore.com/football/
BRAZIL_CATARINENSE___ROUND_1,BRAZIL,CATARINENSE - ROUND 1,https://www.flashscore.com/football/
PORTUGAL_LEAGUE_CUP___SEMI_FINALS,PORTUGAL,LEAGUE CUP - SEMI-FINALS,https://www.flashscore.com/football/
ITALY_COPPA_ITALIA_PRIMAVERA___1/8_FINALS,ITALY,COPPA ITALIA PRIMAVERA - 1/8-FINALS,https://www.flashscore.com/football/
KENYA_PREMIER_LEAGUE___ROUND_2,KENYA,PREMIER LEAGUE - ROUND 2,https://www.flashscore.com/football/
ITALY_COPPA_ITALIA_SERIE_D___SEMI_FINALS,ITALY,COPPA ITALIA SERIE D - SEMI-FINALS,https://www.flashscore.com/football/
BENIN_LIGUE_1___ROUND_16,BENIN,LIGUE 1 - ROUND 16,https://www.flashscore.com/football/
CYPRUS_CYPRUS_CUP___1/8_FINALS,CYPRUS,CYPRUS CUP - 1/8-FINALS,https://www.flashscore.com/football/
NIGERIA_NPFL___ROUND_20,NIGERIA,NPFL - ROUND 20,https://www.flashscore.com/football/
FRANCE_COUPE_DE_LA_LIGUE_WOMEN,FRANCE,COUPE DE LA LIGUE WOMEN,https://www.flashscore.com/football/
SENEGAL_LIGUE_1___ROUND_10,SENEGAL,LIGUE 1 - ROUND 10,https://www.flashscore.com/football/
SPAIN_SUPER_CUP___SEMI_FINALS,SPAIN,SUPER CUP - SEMI-FINALS,https://www.flashscore.com/football/
JAMAICA_PREMIER_LEAGUE___ROUND_11,JAMAICA,PREMIER LEAGUE - ROUND 11,https://www.flashscore.com/football/
ETHIOPIA_PREMIER_LEAGUE___ROUND_14,ETHIOPIA,PREMIER LEAGUE - ROUND 14,https://www.flashscore.com/football/
CHAD_PREMIERE_DIVISION___LPFN___ROUND_11,CHAD,PREMIERE DIVISION - LPFN - ROUND 11,https://www.flashscore.com/football/
SAUDI_ARABIA_SAUDI_PROFESSIONAL_LEAGUE___ROUND_14,SAUDI ARABIA,SAUDI PROFESSIONAL LEAGUE - ROUND 14,https://www.flashscore.com/football/
EGYPT_EGYPT_CUP___1/8_FINALS,EGYPT,EGYPT CUP - 1/8-FINALS,https://www.flashscore.com/football/
BAHRAIN_PREMIER_LEAGUE___ROUND_11,BAHRAIN,PREMIER LEAGUE - ROUND 11,https://www.flashscore.com/football/
BRAZIL_COPINHA___ROUND_3,BRAZIL,COPINHA - ROUND 3,https://www.flashscore.com/football/
ALGERIA_LIGUE_1___ROUND_15,ALGERIA,LIGUE 1 - ROUND 15,https://www.flashscore.com/football/
ICELAND_REYKJAVIK_CUP___ROUND_1,ICELAND,REYKJAVIK CUP - ROUND 1,https://www.flashscore.com/football/
ICELAND_REYKJAVIK_CUP___ROUND_2,ICELAND,REYKJAVIK CUP - ROUND 2,https://www.flashscore.com/football/
FRANCE_SUPER_CUP___FINAL,FRANCE,SUPER CUP - FINAL,https://www.flashscore.com/football/
ENGLAND_FA_YOUTH_CUP___1/16_FINALS,ENGLAND,FA YOUTH CUP - 1/16-FINALS,https://www.flashscore.com/football/
ARUBA_DIVISION_DI_HONOR___ROUND_8,ARUBA,DIVISION DI HONOR - ROUND 8,https://www.flashscore.com/football/
MARTINIQUE_TROPHEE_GERARD_JANVION___ROUND_13,MARTINIQUE,TROPHEE GERARD JANVION - ROUND 13,https://www.flashscore.com/football/
MEXICO_LIGA_MX___CLAUSURA___ROUND_1,MEXICO,LIGA MX - CLAUSURA - ROUND 1,https://www.flashscore.com/football/
TRINIDAD_AND_TOBAGO_TT_PREMIER_LEAGUE___ROUND_12,TRINIDAD AND TOBAGO,TT PREMIER LEAGUE - ROUND 12,https://www.flashscore.com/football/
MEXICO_LIGA_DE_EXPANSION_MX___CLAUSURA___ROUND_1,MEXICO,LIGA DE EXPANSION MX - CLAUSURA - ROUND 1,https://www.flashscore.com/football/
MEXICO_LIGA_MX_WOMEN___CLAUSURA___ROUND_2,MEXICO,LIGA MX WOMEN - CLAUSURA - ROUND 2,https://www.flashscore.com/football/
AUSTRALIA_A_LEAGUE_WOMEN___ROUND_12,AUSTRALIA,A-LEAGUE WOMEN - ROUND 12,https://www.flashscore.com/football/
AUSTRALIA_A_LEAGUE___ROUND_12,AUSTRALIA,A-LEAGUE - ROUND 12,
HONG_KONG_PREMIER_LEAGUE___ROUND_12,HONG KONG,PREMIER LEAGUE - ROUND 12,https://www.flashscore.com/football/
MALAYSIA_SUPER_LEAGUE___ROUND_15,MALAYSIA,SUPER LEAGUE - ROUND 15,https://www.flashscore.com/football/
INDONESIA_SUPER_LEAGUE___ROUND_17,INDONESIA,SUPER LEAGUE - ROUND 17,
CZECH_REPUBLIC_TIPSPORT_LIGA,CZECH REPUBLIC,TIPSPORT LIGA,https://www.flashscore.com/football/
ITALY_PRIMAVERA_1___ROUND_19,ITALY,PRIMAVERA 1 - ROUND 19,https://www.flashscore.com/football/
KENYA_PREMIER_LEAGUE___ROUND_16,KENYA,PREMIER LEAGUE - ROUND 16,https://www.flashscore.com/football/
TURKEY_1._LIG___ROUND_20,TURKEY,1. LIG - ROUND 20,https://www.flashscore.com/football/
CAMBODIA_CPL___ROUND_16,CAMBODIA,CPL - ROUND 16,https://www.flashscore.com/football/
SPAIN_LIGA_F_WOMEN___ROUND_15,SPAIN,LIGA F WOMEN - ROUND 15,https://www.flashscore.com/football/
ASIA_AFC_ASIAN_CUP_U23___ROUND_2,ASIA,AFC ASIAN CUP U23 - ROUND 2,https://www.flashscore.com/football/
THAILAND_THAI_LEAGUE_1___ROUND_16,THAILAND,THAI LEAGUE 1 - ROUND 16,https://www.flashscore.com/football/
SINGAPORE_PREMIER_LEAGUE___ROUND_6,SINGAPORE,PREMIER LEAGUE - ROUND 6,https://www.flashscore.com/football/
SINGAPORE_SINGAPORE_CUP___PLAY_OFFS___FINAL,SINGAPORE,SINGAPORE CUP - PLAY OFFS - FINAL,
FRANCE_COUPE_DE_FRANCE_WOMEN___1/16_FINALS,FRANCE,COUPE DE FRANCE WOMEN - 1/16-FINALS,https://www.flashscore.com/football/
ENGLAND_FA_CUP___1/32_FINALS,ENGLAND,FA CUP - 1/32-FINALS,https://www.flashscore.com/football/
CYPRUS_DIVISION_2___ROUND_15,CYPRUS,DIVISION 2 - ROUND 15,https://www.flashscore.com/football/
ENGLAND_LEAGUE_ONE___ROUND_26,ENGLAND,LEAGUE ONE - ROUND 26,https://www.flashscore.com/football/
ENGLAND_WSL___ROUND_12,ENGLAND,WSL - ROUND 12,https://www.flashscore.com/football/
SPAIN_LALIGA___ROUND_19,SPAIN,LALIGA - ROUND 19,https://www.flashscore.com/football/
BURUNDI_PRIMUS_LEAGUE___ROUND_16,BURUNDI,PRIMUS LEAGUE - ROUND 16,https://www.flashscore.com/football/
ISRAEL_LIGAT_HA'AL___ROUND_18,ISRAEL,LIGAT HA'AL - ROUND 18,https://www.flashscore.com/football/
SPAIN_LALIGA2___ROUND_21,SPAIN,LALIGA2 - ROUND 21,https://www.flashscore.com/football/
SPAIN_PRIMERA_RFEF___GROUP_2___ROUND_19,SPAIN,PRIMERA RFEF - GROUP 2 - ROUND 19,
ITALY_SERIE_C___GROUP_A___ROUND_21,ITALY,SERIE C - GROUP A - ROUND 21,https://www.flashscore.com/football/
NETHERLANDS_TWEEDE_DIVISIE___ROUND_18,NETHERLANDS,TWEEDE DIVISIE - ROUND 18,https://www.flashscore.com/football/
NORTHERN_IRELAND_IRISH_CUP___1/16_FINALS,NORTHERN IRELAND,IRISH CUP - 1/16-FINALS,https://www.flashscore.com/football/
ITALY_SERIE_A___ROUND_20,ITALY,SERIE A - ROUND 20,https://www.flashscore.com/football/
ITALY_SERIE_B___ROUND_19,ITALY,SERIE B - ROUND 19,https://www.flashscore.com/football/
SAN_MARINO_CAMPIONATO_SAMMARINESE___ROUND_15,SAN MARINO,CAMPIONATO SAMMARINESE - ROUND 15,https://www.flashscore.com/football/
WALES_CYMRU_SOUTH___ROUND_19,WALES,CYMRU SOUTH - ROUND 19,https://www.flashscore.com/football/
WALES_CYMRU_NORTH___ROUND_19,WALES,CYMRU NORTH - ROUND 19,https://www.flashscore.com/football/
GERMANY_BUNDESLIGA___ROUND_16,GERMANY,BUNDESLIGA - ROUND 16,https://www.flashscore.com/football/
FRANCE_COUPE_DE_FRANCE___1/16_FINALS,FRANCE,COUPE DE FRANCE - 1/16-FINALS,https://www.flashscore.com/football/
QATAR_EMIR_CUP___1/16_FINALS,QATAR,EMIR CUP - 1/16-FINALS,https://www.flashscore.com/football/
EGYPT_LEAGUE_CUP___ROUND_6,EGYPT,LEAGUE CUP - ROUND 6,
ENGLAND_LEAGUE_TWO___ROUND_26,ENGLAND,LEAGUE TWO - ROUND 26,https://www.flashscore.com/football/
ENGLAND_FA_TROPHY___1/16_FINALS,ENGLAND,FA TROPHY - 1/16-FINALS,https://www.flashscore.com/football/
GREECE_SUPER_LEAGUE___ROUND_16,GREECE,SUPER LEAGUE - ROUND 16,https://www.flashscore.com/football/
MALTA_PREMIER_LEAGUE___FIRST_STAGE___TOP_6___ROUND_16,MALTA,PREMIER LEAGUE - FIRST STAGE - TOP 6 - ROUND 16,
PORTUGAL_LIGA_3___ROUND_16,PORTUGAL,LIGA 3 - ROUND 16,https://www.flashscore.com/football/
SCOTLAND_PREMIERSHIP___ROUND_22,SCOTLAND,PREMIERSHIP - ROUND 22,
SCOTLAND_CHAMPIONSHIP___ROUND_22,SCOTLAND,CHAMPIONSHIP - ROUND 22,https://www.flashscore.com/football/
SCOTLAND_LEAGUE_ONE___ROUND_21,SCOTLAND,LEAGUE ONE - ROUND 21,https://www.flashscore.com/football/
SCOTLAND_LEAGUE_TWO___ROUND_20,SCOTLAND,LEAGUE TWO - ROUND 20,https://www.flashscore.com/football/
SPAIN_PRIMERA_RFEF___GROUP_1___ROUND_19,SPAIN,PRIMERA RFEF - GROUP 1 - ROUND 19,https://www.flashscore.com/football/
NETHERLANDS_EREDIVISIE___ROUND_18,NETHERLANDS,EREDIVISIE - ROUND 18,https://www.flashscore.com/football/
GIBRALTAR_NATIONAL_LEAGUE___ROUND_17,GIBRALTAR,NATIONAL LEAGUE - ROUND 17,
NETHERLANDS_EERSTE_DIVISIE___ROUND_22,NETHERLANDS,EERSTE DIVISIE - ROUND 22,https://www.flashscore.com/football/
UNITED_ARAB_EMIRATES_UAE_LEAGUE___ROUND_9,UNITED ARAB EMIRATES,UAE LEAGUE - ROUND 9,
NIGER_SUPER_LIGUE___ROUND_13,NIGER,SUPER LIGUE - ROUND 13,https://www.flashscore.com/football/
CYPRUS_CYPRUS_LEAGUE___ROUND_17,CYPRUS,CYPRUS LEAGUE - ROUND 17,https://www.flashscore.com/football/
BRAZIL_PAULISTA___ROUND_1,BRAZIL,PAULISTA - ROUND 1,https://www.flashscore.com/football/
BRAZIL_CATARINENSE___ROUND_2,BRAZIL,CATARINENSE - ROUND 2,
BRAZIL_GAUCHO___ROUND_1,BRAZIL,GAUCHO - ROUND 1,https://www.flashscore.com/football/
BRAZIL_MINEIRO___ROUND_1,BRAZIL,MINEIRO - ROUND 1,https://www.flashscore.com/football/
DOMINICAN_REPUBLIC_LDF___WINNERS_STAGE___ROUND_1,DOMINICAN REPUBLIC,LDF - WINNERS STAGE - ROUND 1,https://www.flashscore.com/football/
HONG_KONG_PREMIER_LEAGUE___ROUND_4,HONG KONG,PREMIER LEAGUE - ROUND 4,https://www.flashscore.com/football/
MALTA_PREMIER_LEAGUE___FIRST_STAGE___PLAY_OUT___ROUND_16,MALTA,PREMIER LEAGUE - FIRST STAGE - PLAY OUT - ROUND 16,https://www.flashscore.com/football/
SAUDI_ARABIA_DIVISION_1___ROUND_16,SAUDI ARABIA,DIVISION 1 - ROUND 16,
SCOTLAND_SCOTTISH_CUP_WOMEN___1/8_FINALS,SCOTLAND,SCOTTISH CUP WOMEN - 1/8-FINALS,
WORLD_FRIENDLY_INTERNATIONAL_WOMEN,WORLD,FRIENDLY INTERNATIONAL WOMEN,
ITALY_SUPER_CUP_WOMEN___FINAL,ITALY,SUPER CUP WOMEN - FINAL,
GHANA_PREMIER_LEAGUE___ROUND_18,GHANA,PREMIER LEAGUE - ROUND 18,
GHANA_DIVISION_ONE_LEAGUE___ROUND_15,GHANA,DIVISION ONE LEAGUE - ROUND 15,
GREECE_SUPER_LEAGUE_2___ROUND_16,GREECE,SUPER LEAGUE 2 - ROUND 16,
NIGERIA_NPFL___ROUND_21,NIGERIA,NPFL - ROUND 21,
BAHRAIN_KING'S_CUP___1/16_FINALS,BAHRAIN,KING'S CUP - 1/16-FINALS,
ITALY_SERIE_C___GROUP_B___ROUND_21,ITALY,SERIE C - GROUP B - ROUND 21,
ITALY_SERIE_C___GROUP_C___ROUND_21,ITALY,SERIE C - GROUP C - ROUND 21,
BARBADOS_PREMIER_LEAGUE___ROUND_1,BARBADOS,PREMIER LEAGUE - ROUND 1,
JAMAICA_PREMIER_LEAGUE___ROUND_16,JAMAICA,PREMIER LEAGUE - ROUND 16,
PORTUGAL_TAÇA_DE_PORTUGAL___QUARTER_FINALS,PORTUGAL,TAÇA DE PORTUGAL - QUARTER-FINALS,
BRAZIL_CARIOCA___TACA_GUANABARA___ROUND_5,BRAZIL,CARIOCA - TACA GUANABARA - ROUND 5,
SAUDI_ARABIA_SAUDI_PROFESSIONAL_LEAGUE___ROUND_15,SAUDI ARABIA,SAUDI PROFESSIONAL LEAGUE - ROUND 15,
IRAN_HAZFI_CUP___1/8_FINALS,IRAN,HAZFI CUP - 1/8-FINALS,
ALGERIA_ALGERIA_CUP___1/8_FINALS,ALGERIA,ALGERIA CUP - 1/8-FINALS,https://www.flashscore.com/football/
SIERRA_LEONE_PREMIER_LEAGUE___ROUND_11,SIERRA LEONE,PREMIER LEAGUE - ROUND 11,
ASIA_AFC_ASIAN_CUP_U23___ROUND_3,ASIA,AFC ASIAN CUP U23 - ROUND 3,
ISRAEL_LEUMIT_LEAGUE___ROUND_18,ISRAEL,LEUMIT LEAGUE - ROUND 18,
ENGLAND_EFL_TROPHY___PLAY_OFFS___1/8_FINALS,ENGLAND,EFL TROPHY - PLAY OFFS - 1/8-FINALS,
AUSTRALIA_A_LEAGUE_WOMEN___ROUND_7,AUSTRALIA,A-LEAGUE WOMEN - ROUND 7,
TURKEY_TURKISH_CUP___ROUND_2,TURKEY,TURKISH CUP - ROUND 2,
IRAQ_STARS_LEAGUE___ROUND_12,IRAQ,STARS LEAGUE - ROUND 12,
MALAYSIA_SUPER_LEAGUE___ROUND_16,MALAYSIA,SUPER LEAGUE - ROUND 16,
BAHRAIN_PREMIER_LEAGUE___ROUND_12,BAHRAIN,PREMIER LEAGUE - ROUND 12,
GERMANY_BUNDESLIGA___ROUND_17,GERMANY,BUNDESLIGA - ROUND 17,
ISRAEL_STATE_CUP___1/8_FINALS,ISRAEL,STATE CUP - 1/8-FINALS,
NETHERLANDS_KNVB_BEKER___1/8_FINALS,NETHERLANDS,KNVB BEKER - 1/8-FINALS,
SPAIN_LIGA_F_WOMEN___ROUND_17,SPAIN,LIGA F WOMEN - ROUND 17,
NORTHERN_IRELAND_NIFL_PREMIERSHIP___ROUND_16,NORTHERN IRELAND,NIFL PREMIERSHIP - ROUND 16,
NORTHERN_IRELAND_NIFL_PREMIERSHIP___ROUND_3,NORTHERN IRELAND,NIFL PREMIERSHIP - ROUND 3,
NORTHERN_IRELAND_NIFL_PREMIERSHIP___ROUND_9,NORTHERN IRELAND,NIFL PREMIERSHIP - ROUND 9,
BELGIUM_BELGIAN_CUP___QUARTER_FINALS,BELGIUM,BELGIAN CUP - QUARTER-FINALS,https://www.flashscore.com/football/
ENGLAND_EFL_CUP___SEMI_FINALS,ENGLAND,EFL CUP - SEMI-FINALS,
BRAZIL_PAULISTA___ROUND_2,BRAZIL,PAULISTA - ROUND 2,https://www.flashscore.com/football/
ITALY_COPPA_ITALIA___1/8_FINALS,ITALY,COPPA ITALIA - 1/8-FINALS,
URUGUAY_COPA_DE_LA_LIGA_AUF___1/8_FINALS,URUGUAY,COPA DE LA LIGA AUF - 1/8-FINALS,
COSTA_RICA_PRIMERA_DIVISION___CLAUSURA___ROUND_1,COSTA RICA,PRIMERA DIVISION - CLAUSURA - ROUND 1,https://www.flashscore.com/football/
MEXICO_LIGA_MX___CLAUSURA___ROUND_2,MEXICO,LIGA MX - CLAUSURA - ROUND 2,
THAILAND_THAI_FA_CUP___1/8_FINALS,THAILAND,THAI FA CUP - 1/8-FINALS,
WORLD_CLUB_FRIENDLY_WOMEN,WORLD,CLUB FRIENDLY WOMEN,https://www.flashscore.com/football/
DR_CONGO_LIGUE_1___ROUND_17,DR CONGO,LIGUE 1 - ROUND 17,https://www.flashscore.com/football/
ALBANIA_ABISSNET_SUPERIORE___ROUND_19,ALBANIA,ABISSNET SUPERIORE - ROUND 19,
DR_CONGO_LIGUE_1___ROUND_20,DR CONGO,LIGUE 1 - ROUND 20,https://www.flashscore.com/football/
DR_CONGO_LIGUE_1___ROUND_16,DR CONGO,LIGUE 1 - ROUND 16,
KENYA_PREMIER_LEAGUE___ROUND_1,KENYA,PREMIER LEAGUE - ROUND 1,
LIBYA_PREMIER_LEAGUE___ROUND_5,LIBYA,PREMIER LEAGUE - ROUND 5,https://www.flashscore.com/football/
KUWAIT_PREMIER_LEAGUE___ROUND_11,KUWAIT,PREMIER LEAGUE - ROUND 11,
ITALY_COPPA_ITALIA_SERIE_C___SEMI_FINALS,ITALY,COPPA ITALIA SERIE C - SEMI-FINALS,https://www.flashscore.com/football/
CHAD_PREMIERE_DIVISION___LPFN___ROUND_12,CHAD,PREMIERE DIVISION - LPFN - ROUND 12,
SPAIN_COPA_DEL_REY___1/8_FINALS,SPAIN,COPA DEL REY - 1/8-FINALS,https://www.flashscore.com/football/
INDIA_IWL_WOMEN___ROUND_7,INDIA,IWL WOMEN - ROUND 7,
SYRIA_PREMIER_LEAGUE___ROUND_4,SYRIA,PREMIER LEAGUE - ROUND 4,
IRAQ_STARS_LEAGUE___ROUND_11,IRAQ,STARS LEAGUE - ROUND 11,
AFRICA_AFRICA_CUP_OF_NATIONS___PLAY_OFFS___QUARTER_FINALS,AFRICA,AFRICA CUP OF NATIONS - PLAY OFFS - QUARTER-FINALS,
GAMBIA_GFA_LEAGUE___ROUND_5,GAMBIA,GFA LEAGUE - ROUND 5,
WALES_CYMRU_PREMIER___ROUND_22,WALES,CYMRU PREMIER - ROUND 22,
TRINIDAD_AND_TOBAGO_TT_PREMIER_LEAGUE,TRINIDAD AND TOBAGO,TT PREMIER LEAGUE,https://www.flashscore.com/football/
SOUTH_AMERICA_SERIE_RIO_DE_LA_PLATA,SOUTH AMERICA,SERIE RIO DE LA PLATA,https://www.flashscore.com/football/
BRAZIL_CARIOCA___TACA_GUANABARA___ROUND_1,BRAZIL,CARIOCA - TACA GUANABARA - ROUND 1,https://www.flashscore.com/football/
BRAZIL_MINEIRO___ROUND_2,BRAZIL,MINEIRO - ROUND 2,
BRAZIL_GAUCHO___ROUND_2,BRAZIL,GAUCHO - ROUND 2,
BRAZIL_CATARINENSE___ROUND_3,BRAZIL,CATARINENSE - ROUND 3,https://www.flashscore.com/football/
DR_CONGO_LIGUE_1___ROUND_19,DR CONGO,LIGUE 1 - ROUND 19,
ETHIOPIA_PREMIER_LEAGUE___ROUND_15,ETHIOPIA,PREMIER LEAGUE - ROUND 15,
TUNISIA_LIGUE_PROFESSIONNELLE_1___ROUND_16,TUNISIA,LIGUE PROFESSIONNELLE 1 - ROUND 16,https://www.flashscore.com/football/
SUDAN_PREMIER_LEAGUE___ROUND_3,SUDAN,PREMIER LEAGUE - ROUND 3,
KUWAIT_DIVISION_1___ROUND_10,KUWAIT,DIVISION 1 - ROUND 10,
KENYA_PREMIER_LEAGUE___ROUND_6,KENYA,PREMIER LEAGUE - ROUND 6,
ITALY_SERIE_A___ROUND_16,ITALY,SERIE A - ROUND 16,
WALES_PREMIER_WOMEN___ROUND_11,WALES,PREMIER WOMEN - ROUND 11,https://www.flashscore.com/football/
PORTUGAL_LIGA_PORTUGAL_2___ROUND_18,PORTUGAL,LIGA PORTUGAL 2 - ROUND 18,https://www.flashscore.com/football/
QATAR_QSL_CUP___ROUND_10,QATAR,QSL CUP - ROUND 10,
UNITED_ARAB_EMIRATES_UAE_LEAGUE___ROUND_13,UNITED ARAB EMIRATES,UAE LEAGUE - ROUND 13,
ALBANIA_ABISSNET_SUPERIORE___ROUND_20,ALBANIA,ABISSNET SUPERIORE - ROUND 20,
GAMBIA_GFA_LEAGUE___ROUND_7,GAMBIA,GFA LEAGUE - ROUND 7,
GREECE_SUPER_LEAGUE___ROUND_17,GREECE,SUPER LEAGUE - ROUND 17,https://www.flashscore.com/football/
SUDAN_PREMIER_LEAGUE___ROUND_4,SUDAN,PREMIER LEAGUE - ROUND 4,
CYPRUS_CYPRUS_LEAGUE___ROUND_18,CYPRUS,CYPRUS LEAGUE - ROUND 18,https://www.flashscore.com/football/
KUWAIT_CROWN_PRINCE_CUP___SEMI_FINALS,KUWAIT,CROWN PRINCE CUP - SEMI-FINALS,
IRAN_PERSIAN_GULF_PRO_LEAGUE___ROUND_18,IRAN,PERSIAN GULF PRO LEAGUE - ROUND 18,
THAILAND_LEAGUE_CUP___1/8_FINALS,THAILAND,LEAGUE CUP - 1/8-FINALS,https://www.flashscore.com/football/
ASIA_ASEAN_CLUB_CHAMPIONSHIP,ASIA,ASEAN CLUB CHAMPIONSHIP,https://www.flashscore.com/football/
HONG_KONG_PREMIER_LEAGUE___ROUND_14,HONG KONG,PREMIER LEAGUE - ROUND 14,https://www.flashscore.com/football/
IRAQ_STARS_LEAGUE___ROUND_15,IRAQ,STARS LEAGUE - ROUND 15,
KENYA_PREMIER_LEAGUE___ROUND_10,KENYA,PREMIER LEAGUE - ROUND 10,https://www.flashscore.com/football/
SAUDI_ARABIA_DIVISION_1___ROUND_19,SAUDI ARABIA,DIVISION 1 - ROUND 19,
WORLD_FIFA_WOMEN'S_CHAMPIONS_CUP___SEMI_FINALS,WORLD,FIFA WOMEN'S CHAMPIONS CUP - SEMI-FINALS,https://www.flashscore.com/football/
CAMEROON_ELITE_ONE___ROUND_2,CAMEROON,ELITE ONE - ROUND 2,https://www.flashscore.com/football/
LIBYA_PREMIER_LEAGUE___ROUND_6,LIBYA,PREMIER LEAGUE - ROUND 6,
TUNISIA_LIGUE_PROFESSIONNELLE_1___ROUND_18,TUNISIA,LIGUE PROFESSIONNELLE 1 - ROUND 18,https://www.flashscore.com/football/
UGANDA_PREMIER_LEAGUE___ROUND_14,UGANDA,PREMIER LEAGUE - ROUND 14,https://www.flashscore.com/football/
ZAMBIA_SUPER_LEAGUE___ROUND_15,ZAMBIA,SUPER LEAGUE - ROUND 15,
ZAMBIA_SUPER_LEAGUE___ROUND_19,ZAMBIA,SUPER LEAGUE - ROUND 19,https://www.flashscore.com/football/
SUDAN_PREMIER_LEAGUE,SUDAN,PREMIER LEAGUE,https://www.flashscore.com/football/
UNITED_ARAB_EMIRATES_UAE_LEAGUE___ROUND_14,UNITED ARAB EMIRATES,UAE LEAGUE - ROUND 14,
LIBYA_PREMIER_LEAGUE___ROUND_7,LIBYA,PREMIER LEAGUE - ROUND 7,https://www.flashscore.com/football/
SOUTH_AFRICA_MOTSEPE_FOUNDATION_CHAMPIONSHIP___ROUND_16,SOUTH AFRICA,MOTSEPE FOUNDATION CHAMPIONSHIP - ROUND 16,https://www.flashscore.com/football/
KUWAIT_SUPER_CUP___SEMI_FINALS,KUWAIT,SUPER CUP - SEMI-FINALS,
DR_CONGO_LIGUE_1___ROUND_22,DR CONGO,LIGUE 1 - ROUND 22,https://www.flashscore.com/football/
NIGERIA_NPFL___ROUND_23,NIGERIA,NPFL - ROUND 23,https://www.flashscore.com/football/
JORDAN_PREMIER_LEAGUE___ROUND_12,JORDAN,PREMIER LEAGUE - ROUND 12,https://www.flashscore.com/football/
EGYPT_PREMIER_LEAGUE___ROUND_16,EGYPT,PREMIER LEAGUE - ROUND 16,
SAUDI_ARABIA_SAUDI_PROFESSIONAL_LEAGUE___ROUND_19,SAUDI ARABIA,SAUDI PROFESSIONAL LEAGUE - ROUND 19,
BAHRAIN_PREMIER_LEAGUE___ROUND_13,BAHRAIN,PREMIER LEAGUE - ROUND 13,https://www.flashscore.com/football/
NETHERLANDS_KNVB_BEKER_WOMEN___QUARTER_FINALS,NETHERLANDS,KNVB BEKER WOMEN - QUARTER-FINALS,https://www.flashscore.com/football/
ITALY_COPPA_ITALIA_WOMEN___QUARTER_FINALS,ITALY,COPPA ITALIA WOMEN - QUARTER-FINALS,https://www.flashscore.com/football/
MALTA_FA_TROPHY___1/8_FINALS,MALTA,FA TROPHY - 1/8-FINALS,
SOUTH_AFRICA_BETWAY_PREMIERSHIP___ROUND_16,SOUTH AFRICA,BETWAY PREMIERSHIP - ROUND 16,https://www.flashscore.com/football/
BELGIUM_CHALLENGER_PRO_LEAGUE___ROUND_22,BELGIUM,CHALLENGER PRO LEAGUE - ROUND 22,https://www.flashscore.com/football/
BRAZIL_COPA_ALAGOAS___ROUND_1,BRAZIL,COPA ALAGOAS - ROUND 1,
SAN_MARINO_CAMPIONATO_SAMMARINESE___ROUND_16,SAN MARINO,CAMPIONATO SAMMARINESE - ROUND 16,https://www.flashscore.com/football/
SCOTLAND_SWPL_1_WOMEN___ROUND_15,SCOTLAND,SWPL 1 WOMEN - ROUND 15,https://www.flashscore.com/football/
NORTHERN_IRELAND_IRISH_LEAGUE_CUP___SEMI_FINALS,NORTHERN IRELAND,IRISH LEAGUE CUP - SEMI-FINALS,https://www.flashscore.com/football/
EUROPE_CHAMPIONS_LEAGUE___LEAGUE_PHASE___ROUND_8,EUROPE,CHAMPIONS LEAGUE - LEAGUE PHASE - ROUND 8,https://www.flashscore.com/football/
ARGENTINA_LIGA_PROFESIONAL___APERTURA___ROUND_2,ARGENTINA,LIGA PROFESIONAL - APERTURA - ROUND 2,https://www.flashscore.com/football/
GIBRALTAR_NATIONAL_LEAGUE___ROUND_3,GIBRALTAR,NATIONAL LEAGUE - ROUND 3,https://www.flashscore.com/football/
GUATEMALA_LIGA_NACIONAL___CLAUSURA___ROUND_3,GUATEMALA,LIGA NACIONAL - CLAUSURA - ROUND 3,https://www.flashscore.com/football/
EL_SALVADOR_PRIMERA_DIVISION___CLAUSURA___ROUND_1,EL SALVADOR,PRIMERA DIVISION - CLAUSURA - ROUND 1,
JAMAICA_PREMIER_LEAGUE___ROUND_12,JAMAICA,PREMIER LEAGUE - ROUND 12,https://www.flashscore.com/football/
HONDURAS_LIGA_NACIONAL___CLAUSURA___ROUND_2,HONDURAS,LIGA NACIONAL - CLAUSURA - ROUND 2,
PARAGUAY_COPA_DE_PRIMERA___APERTURA___ROUND_2,PARAGUAY,COPA DE PRIMERA - APERTURA - ROUND 2,
COLOMBIA_PRIMERA_A___APERTURA___ROUND_3,COLOMBIA,PRIMERA A - APERTURA - ROUND 3,https://www.flashscore.com/football/
BRAZIL_SERIE_A_BETANO___ROUND_1,BRAZIL,SERIE A BETANO - ROUND 1,
NORTH_&_CENTRAL_AMERICA_CONCACAF_CHAMPIONSHIP_WOMEN_U17___QUALIFICATION,NORTH & CENTRAL AMERICA,CONCACAF CHAMPIONSHIP WOMEN U17 - QUALIFICATION,https://www.flashscore.com/football/
DR_CONGO_LIGUE_1___ROUND_18,DR CONGO,LIGUE 1 - ROUND 18,https://www.flashscore.com/football/
TANZANIA_LIGI_KUU_BARA___ROUND_8,TANZANIA,LIGI KUU BARA - ROUND 8,https://www.flashscore.com/football/
NETHERLANDS_EREDIVISIE___ROUND_21,NETHERLANDS,EREDIVISIE - ROUND 21,https://www.flashscore.com/football/
HUNGARY_NB_I.___ROUND_20,HUNGARY,NB I. - ROUND 20,https://www.flashscore.com/football/
AFRICA_CAF_CONFEDERATION_CUP___ROUND_4,AFRICA,CAF CONFEDERATION CUP - ROUND 4,https://www.flashscore.com/football/
AFRICA_CAF_CHAMPIONS_LEAGUE___ROUND_4,AFRICA,CAF CHAMPIONS LEAGUE - ROUND 4,
INDONESIA_SUPER_LEAGUE___ROUND_19,INDONESIA,SUPER LEAGUE - ROUND 19,https://www.flashscore.com/football/
IRAN_PERSIAN_GULF_PRO_LEAGUE___ROUND_19,IRAN,PERSIAN GULF PRO LEAGUE - ROUND 19,https://www.flashscore.com/football/
SAUDI_ARABIA_DIVISION_1___ROUND_20,SAUDI ARABIA,DIVISION 1 - ROUND 20,https://www.flashscore.com/football/
BURUNDI_PRIMUS_LEAGUE___ROUND_19,BURUNDI,PRIMUS LEAGUE - ROUND 19,https://www.flashscore.com/football/
JORDAN_PREMIER_LEAGUE___ROUND_13,JORDAN,PREMIER LEAGUE - ROUND 13,https://www.flashscore.com/football/
KENYA_PREMIER_LEAGUE___ROUND_19,KENYA,PREMIER LEAGUE - ROUND 19,
LIBYA_PREMIER_LEAGUE___ROUND_8,LIBYA,PREMIER LEAGUE - ROUND 8,https://www.flashscore.com/football/
TANZANIA_LIGI_KUU_BARA___ROUND_14,TANZANIA,LIGI KUU BARA - ROUND 14,https://www.flashscore.com/football/
TUNISIA_LIGUE_2___ROUND_16,TUNISIA,LIGUE 2 - ROUND 16,https://www.flashscore.com/football/
OMAN_PROFESSIONAL_LEAGUE___ROUND_12,OMAN,PROFESSIONAL LEAGUE - ROUND 12,https://www.flashscore.com/football/
NIGERIA_NPFL___ROUND_24,NIGERIA,NPFL - ROUND 24,https://www.flashscore.com/football/
GHANA_DIVISION_ONE_LEAGUE___ROUND_18,GHANA,DIVISION ONE LEAGUE - ROUND 18,https://www.flashscore.com/football/
SIERRA_LEONE_PREMIER_LEAGUE___ROUND_13,SIERRA LEONE,PREMIER LEAGUE - ROUND 13,
ISRAEL_LEUMIT_LEAGUE___ROUND_21,ISRAEL,LEUMIT LEAGUE - ROUND 21,
ITALY_SERIE_A_WOMEN___ROUND_12,ITALY,SERIE A WOMEN - ROUND 12,https://www.flashscore.com/football/
AUSTRALIA_&_OCEANIA_OFC_PRO_LEAGUE___ROUND_2,AUSTRALIA & OCEANIA,OFC PRO LEAGUE - ROUND 2,https://www.flashscore.com/football/
TURKEY_TURKISH_CUP___ROUND_3,TURKEY,TURKISH CUP - ROUND 3,https://www.flashscore.com/football/
AUSTRALIA_&_OCEANIA_OFC_CHAMPIONS_LEAGUE___PRELIMINARY,AUSTRALIA & OCEANIA,OFC CHAMPIONS LEAGUE - PRELIMINARY,https://www.flashscore.com/football/
SYRIA_PREMIER_LEAGUE___ROUND_2,SYRIA,PREMIER LEAGUE - ROUND 2,
NORWAY_NASJONAL_U19_CL___ROUND_1,NORWAY,NASJONAL U19 CL - ROUND 1,https://www.flashscore.com/football/
ALGERIA_LIGUE_1___ROUND_17,ALGERIA,LIGUE 1 - ROUND 17,https://www.flashscore.com/football/
SAUDI_ARABIA_SAUDI_PROFESSIONAL_LEAGUE___ROUND_20,SAUDI ARABIA,SAUDI PROFESSIONAL LEAGUE - ROUND 20,https://www.flashscore.com/football/
GAMBIA_GFA_LEAGUE___ROUND_10,GAMBIA,GFA LEAGUE - ROUND 10,https://www.flashscore.com/football/
ROMANIA_SUPERLIGA___ROUND_25,ROMANIA,SUPERLIGA - ROUND 25,https://www.flashscore.com/football/
SLOVENIA_PRVA_LIGA___ROUND_20,SLOVENIA,PRVA LIGA - ROUND 20,https://www.flashscore.com/football/
BOTSWANA_PREMIER_LEAGUE___ROUND_18,BOTSWANA,PREMIER LEAGUE - ROUND 18,https://www.flashscore.com/football/
MALTA_PREMIER_LEAGUE___SECOND_STAGE___MAIN___ROUND_20,MALTA,PREMIER LEAGUE - SECOND STAGE - MAIN - ROUND 20,https://www.flashscore.com/football/
AUSTRALIA_A_LEAGUE_WOMEN___ROUND_5,AUSTRALIA,A-LEAGUE WOMEN - ROUND 5,https://www.flashscore.com/football/
LAOS_LAO_LEAGUE___ROUND_10,LAOS,LAO LEAGUE - ROUND 10,https://www.flashscore.com/football/
MYANMAR_NATIONAL_LEAGUE___ROUND_16,MYANMAR,NATIONAL LEAGUE - ROUND 16,https://www.flashscore.com/football/
DR_CONGO_LIGUE_1___ROUND_24,DR CONGO,LIGUE 1 - ROUND 24,https://www.flashscore.com/football/
ETHIOPIA_PREMIER_LEAGUE___ROUND_19,ETHIOPIA,PREMIER LEAGUE - ROUND 19,https://www.flashscore.com/football/
IRAQ_STARS_LEAGUE___ROUND_17,IRAQ,STARS LEAGUE - ROUND 17,https://www.flashscore.com/football/
MACAO_ELITE_LEAGUE___ROUND_1,MACAO,ELITE LEAGUE - ROUND 1,https://www.flashscore.com/football/
KUWAIT_DIVISION_1___ROUND_12,KUWAIT,DIVISION 1 - ROUND 12,https://www.flashscore.com/football/
EGYPT_PREMIER_LEAGUE___ROUND_17,EGYPT,PREMIER LEAGUE - ROUND 17,https://www.flashscore.com/football/
QATAR_QSL___ROUND_15,QATAR,QSL - ROUND 15,https://www.flashscore.com/football/
CAMEROON_ELITE_ONE___ROUND_3,CAMEROON,ELITE ONE - ROUND 3,https://www.flashscore.com/football/
SIERRA_LEONE_PREMIER_LEAGUE___ROUND_14,SIERRA LEONE,PREMIER LEAGUE - ROUND 14,https://www.flashscore.com/football/
CYPRUS_CYPRUS_LEAGUE___ROUND_15,CYPRUS,CYPRUS LEAGUE - ROUND 15,https://www.flashscore.com/football/
BRAZIL_COPA_ALAGOAS___ROUND_2,BRAZIL,COPA ALAGOAS - ROUND 2,https://www.flashscore.com/football/
SCOTLAND_PREMIERSHIP___ROUND_25,SCOTLAND,PREMIERSHIP - ROUND 25,https://www.flashscore.com/football/
EL_SALVADOR_PRIMERA_DIVISION___CLAUSURA___ROUND_5,EL SALVADOR,PRIMERA DIVISION - CLAUSURA - ROUND 5,https://www.flashscore.com/football/
NICARAGUA_LIGA_PRIMERA___CLAUSURA___ROUND_4,NICARAGUA,LIGA PRIMERA - CLAUSURA - ROUND 4,https://www.flashscore.com/football/
JAMAICA_PREMIER_LEAGUE___ROUND_17,JAMAICA,PREMIER LEAGUE - ROUND 17,https://www.flashscore.com/football/
SOUTH_AMERICA_SOUTH_AMERICAN_CHAMPIONSHIP_WOMEN_U20,SOUTH AMERICA,SOUTH AMERICAN CHAMPIONSHIP WOMEN U20,https://www.flashscore.com/football/
BRAZIL_SERIE_A_BETANO___ROUND_2,BRAZIL,SERIE A BETANO - ROUND 2,https://www.flashscore.com/football/
MEXICO_LIGA_MX_WOMEN___CLAUSURA___ROUND_7,MEXICO,LIGA MX WOMEN - CLAUSURA - ROUND 7,https://www.flashscore.com/football/
COLOMBIA_PRIMERA_A___APERTURA___ROUND_4,COLOMBIA,PRIMERA A - APERTURA - ROUND 4,https://www.flashscore.com/football/
IRAN_PERSIAN_GULF_PRO_LEAGUE___ROUND_20,IRAN,PERSIAN GULF PRO LEAGUE - ROUND 20,https://www.flashscore.com/football/
UNITED_ARAB_EMIRATES_UAE_LEAGUE___ROUND_15,UNITED ARAB EMIRATES,UAE LEAGUE - ROUND 15,https://www.flashscore.com/football/
KUWAIT_PREMIER_LEAGUE___ROUND_13,KUWAIT,PREMIER LEAGUE - ROUND 13,https://www.flashscore.com/football/
SEYCHELLES_PREMIER_LEAGUE___ROUND_10,SEYCHELLES,PREMIER LEAGUE - ROUND 10,https://www.flashscore.com/football/
SAUDI_ARABIA_SAUDI_PROFESSIONAL_LEAGUE___ROUND_21,SAUDI ARABIA,SAUDI PROFESSIONAL LEAGUE - ROUND 21,https://www.flashscore.com/football/
SAUDI_ARABIA_PREMIER_LEAGUE_WOMEN___ROUND_9,SAUDI ARABIA,PREMIER LEAGUE WOMEN - ROUND 9,https://www.flashscore.com/football/
BURKINA_FASO_PREMIER_LEAGUE___ROUND_18,BURKINA FASO,PREMIER LEAGUE - ROUND 18,https://www.flashscore.com/football/
GUINEA_LIGUE_1___ROUND_14,GUINEA,LIGUE 1 - ROUND 14,https://www.flashscore.com/football/
NORTH_&_CENTRAL_AMERICA_WORLD_CUP_U17___QUALIFICATION___ROUND_1,NORTH & CENTRAL AMERICA,WORLD CUP U17 - QUALIFICATION - ROUND 1,https://www.flashscore.com/football/
ICELAND_LEAGUE_CUP_WOMEN___ROUND_1,ICELAND,LEAGUE CUP WOMEN - ROUND 1,https://www.flashscore.com/football/
NORTH_&_CENTRAL_AMERICA_WORLD_CUP_U17___QUALIFICATION___ROUND_2,NORTH & CENTRAL AMERICA,WORLD CUP U17 - QUALIFICATION - ROUND 2,https://www.flashscore.com/football/
ENGLAND_LEAGUE_TWO___ROUND_31,ENGLAND,LEAGUE TWO - ROUND 31,https://www.flashscore.com/football/
BRAZIL_GAUCHO___RELEGATION___ROUND_1,BRAZIL,GAUCHO - RELEGATION - ROUND 1,https://www.flashscore.com/football/
BRAZIL_PAULISTA___ROUND_6,BRAZIL,PAULISTA - ROUND 6,https://www.flashscore.com/football/
COLOMBIA_PRIMERA_A___APERTURA___ROUND_9,COLOMBIA,PRIMERA A - APERTURA - ROUND 9,https://www.flashscore.com/football/
AUSTRALIA_A_LEAGUE_WOMEN___ROUND_16,AUSTRALIA,A-LEAGUE WOMEN - ROUND 16,https://www.flashscore.com/football/
AUSTRALIA_A_LEAGUE___ROUND_16,AUSTRALIA,A-LEAGUE - ROUND 16,https://www.flashscore.com/football/
AUSTRALIA_NPL_NSW___ROUND_1,AUSTRALIA,NPL NSW - ROUND 1,https://www.flashscore.com/football/
INDONESIA_SUPER_LEAGUE___ROUND_20,INDONESIA,SUPER LEAGUE - ROUND 20,https://www.flashscore.com/football/
JAPAN_J1_LEAGUE___ROUND_1,JAPAN,J1 LEAGUE - ROUND 1,https://www.flashscore.com/football/
AUSTRALIA_NSW_LEAGUE_ONE___ROUND_1,AUSTRALIA,NSW LEAGUE ONE - ROUND 1,https://www.flashscore.com/football/
TANZANIA_LIGI_KUU_BARA___ROUND_15,TANZANIA,LIGI KUU BARA - ROUND 15,https://www.flashscore.com/football/
SINGAPORE_PREMIER_LEAGUE___ROUND_10,SINGAPORE,PREMIER LEAGUE - ROUND 10,https://www.flashscore.com/football/
FINLAND_YKKOSLIIGACUP,FINLAND,YKKOSLIIGACUP,https://www.flashscore.com/football/
SYRIA_PREMIER_LEAGUE___ROUND_7,SYRIA,PREMIER LEAGUE - ROUND 7,https://www.flashscore.com/football/
ALBANIA_ABISSNET_SUPERIORE___ROUND_23,ALBANIA,ABISSNET SUPERIORE - ROUND 23,https://www.flashscore.com/football/
LEBANON_PREMIER_LEAGUE___ROUND_14,LEBANON,PREMIER LEAGUE - ROUND 14,https://www.flashscore.com/football/
BURUNDI_PRIMUS_LEAGUE___ROUND_20,BURUNDI,PRIMUS LEAGUE - ROUND 20,https://www.flashscore.com/football/
DR_CONGO_LIGUE_1___ROUND_21,DR CONGO,LIGUE 1 - ROUND 21,https://www.flashscore.com/football/
ISRAEL_LEUMIT_LEAGUE___ROUND_22,ISRAEL,LEUMIT LEAGUE - ROUND 22,https://www.flashscore.com/football/
ITALY_PRIMAVERA_1___ROUND_24,ITALY,PRIMAVERA 1 - ROUND 24,https://www.flashscore.com/football/
KENYA_PREMIER_LEAGUE___ROUND_20,KENYA,PREMIER LEAGUE - ROUND 20,https://www.flashscore.com/football/
ZAMBIA_SUPER_LEAGUE___ROUND_18,ZAMBIA,SUPER LEAGUE - ROUND 18,https://www.flashscore.com/football/
BULGARIA_EFBET_LEAGUE___ROUND_20,BULGARIA,EFBET LEAGUE - ROUND 20,https://www.flashscore.com/football/
EUROPE_ATLANTIC_CUP,EUROPE,ATLANTIC CUP,https://www.flashscore.com/football/
JORDAN_PREMIER_LEAGUE___ROUND_14,JORDAN,PREMIER LEAGUE - ROUND 14,https://www.flashscore.com/football/
OMAN_PROFESSIONAL_LEAGUE___ROUND_13,OMAN,PROFESSIONAL LEAGUE - ROUND 13,https://www.flashscore.com/football/
MAURITIUS_SUPER_LEAGUE___ROUND_10,MAURITIUS,SUPER LEAGUE - ROUND 10,https://www.flashscore.com/football/
BOSNIA_AND_HERZEGOVINA_WWIN_LIGA_BIH___ROUND_20,BOSNIA AND HERZEGOVINA,WWIN LIGA BIH - ROUND 20,https://www.flashscore.com/football/
ROMANIA_SUPERLIGA___ROUND_26,ROMANIA,SUPERLIGA - ROUND 26,https://www.flashscore.com/football/
MALI_PREMIERE_DIVISION___ROUND_13,MALI,PREMIERE DIVISION - ROUND 13,https://www.flashscore.com/football/
HUNGARY_NB_I.___ROUND_21,HUNGARY,NB I. - ROUND 21,https://www.flashscore.com/football/
CROATIA_HNL___ROUND_21,CROATIA,HNL - ROUND 21,https://www.flashscore.com/football/
POLAND_EKSTRAKLASA___ROUND_20,POLAND,EKSTRAKLASA - ROUND 20,https://www.flashscore.com/football/
POLAND_DIVISION_1___ROUND_20,POLAND,DIVISION 1 - ROUND 20,https://www.flashscore.com/football/
GERMANY_2._BUNDESLIGA___ROUND_21,GERMANY,2. BUNDESLIGA - ROUND 21,https://www.flashscore.com/football/
GERMANY_BUNDESLIGA_WOMEN___ROUND_17,GERMANY,BUNDESLIGA WOMEN - ROUND 17,https://www.flashscore.com/football/
DENMARK_SUPERLIGA___ROUND_19,DENMARK,SUPERLIGA - ROUND 19,https://www.flashscore.com/football/
GERMANY_3._LIGA___ROUND_23,GERMANY,3. LIGA - ROUND 23,https://www.flashscore.com/football/
PORTUGAL_LIGA_PORTUGAL_2___ROUND_21,PORTUGAL,LIGA PORTUGAL 2 - ROUND 21,https://www.flashscore.com/football/
SPAIN_PRIMERA_RFEF___GROUP_1___ROUND_23,SPAIN,PRIMERA RFEF - GROUP 1 - ROUND 23,https://www.flashscore.com/football/
FRANCE_NATIONAL___ROUND_20,FRANCE,NATIONAL - ROUND 20,https://www.flashscore.com/football/
ICELAND_LEAGUE_CUP___ROUND_2,ICELAND,LEAGUE CUP - ROUND 2,https://www.flashscore.com/football/
NETHERLANDS_EREDIVISIE___ROUND_22,NETHERLANDS,EREDIVISIE - ROUND 22,https://www.flashscore.com/football/
SWITZERLAND_CHALLENGE_LEAGUE___ROUND_21,SWITZERLAND,CHALLENGE LEAGUE - ROUND 21,https://www.flashscore.com/football/
AFRICA_CAF_CHAMPIONS_LEAGUE___ROUND_5,AFRICA,CAF CHAMPIONS LEAGUE - ROUND 5,https://www.flashscore.com/football/
BELGIUM_CHALLENGER_PRO_LEAGUE___ROUND_24,BELGIUM,CHALLENGER PRO LEAGUE - ROUND 24,https://www.flashscore.com/football/
FRANCE_LIGUE_2___ROUND_22,FRANCE,LIGUE 2 - ROUND 22,https://www.flashscore.com/football/
NETHERLANDS_EERSTE_DIVISIE___ROUND_26,NETHERLANDS,EERSTE DIVISIE - ROUND 26,https://www.flashscore.com/football/
GERMANY_BUNDESLIGA___ROUND_21,GERMANY,BUNDESLIGA - ROUND 21,https://www.flashscore.com/football/
ITALY_SERIE_B___ROUND_23,ITALY,SERIE B - ROUND 23,https://www.flashscore.com/football/
AUSTRIA_BUNDESLIGA___ROUND_18,AUSTRIA,BUNDESLIGA - ROUND 18,https://www.flashscore.com/football/
ITALY_SERIE_C___GROUP_C___ROUND_25,ITALY,SERIE C - GROUP C - ROUND 25,https://www.flashscore.com/football/
SPAIN_LALIGA2___ROUND_25,SPAIN,LALIGA2 - ROUND 25,https://www.flashscore.com/football/
FRANCE_LIGUE_1___ROUND_21,FRANCE,LIGUE 1 - ROUND 21,https://www.flashscore.com/football/
BELGIUM_JUPILER_PRO_LEAGUE___ROUND_24,BELGIUM,JUPILER PRO LEAGUE - ROUND 24,https://www.flashscore.com/football/
ITALY_SERIE_A___ROUND_24,ITALY,SERIE A - ROUND 24,https://www.flashscore.com/football/
IRELAND_PREMIER_DIVISION___ROUND_1,IRELAND,PREMIER DIVISION - ROUND 1,https://www.flashscore.com/football/
WALES_CYMRU_PREMIER___RELEGATION_GROUP___ROUND_24,WALES,CYMRU PREMIER - RELEGATION GROUP - ROUND 24,https://www.flashscore.com/football/
WALES_CYMRU_PREMIER___CHAMPIONSHIP_GROUP___ROUND_24,WALES,CYMRU PREMIER - CHAMPIONSHIP GROUP - ROUND 24,https://www.flashscore.com/football/
WALES_CYMRU_NORTH___ROUND_27,WALES,CYMRU NORTH - ROUND 27,https://www.flashscore.com/football/
ENGLAND_PREMIER_LEAGUE___ROUND_25,ENGLAND,PREMIER LEAGUE - ROUND 25,https://www.flashscore.com/football/
GIBRALTAR_NATIONAL_LEAGUE___ROUND_20,GIBRALTAR,NATIONAL LEAGUE - ROUND 20,https://www.flashscore.com/football/
SPAIN_LALIGA___ROUND_23,SPAIN,LALIGA - ROUND 23,https://www.flashscore.com/football/
PERU_LIGA_1___APERTURA___ROUND_2,PERU,LIGA 1 - APERTURA - ROUND 2,https://www.flashscore.com/football/
PORTUGAL_LIGA_3___PROMOTION_GROUP___ROUND_1,PORTUGAL,LIGA 3 - PROMOTION GROUP - ROUND 1,https://www.flashscore.com/football/
ENGLAND_CHAMPIONSHIP___ROUND_31,ENGLAND,CHAMPIONSHIP - ROUND 31,https://www.flashscore.com/football/
CHILE_COPA_CHILE___ROUND_2,CHILE,COPA CHILE - ROUND 2,https://www.flashscore.com/football/
SPAIN_PRIMERA_RFEF___GROUP_2___ROUND_23,SPAIN,PRIMERA RFEF - GROUP 2 - ROUND 23,https://www.flashscore.com/football/
PARAGUAY_COPA_DE_PRIMERA___APERTURA___ROUND_4,PARAGUAY,COPA DE PRIMERA - APERTURA - ROUND 4,https://www.flashscore.com/football/
URUGUAY_LIGA_AUF_URUGUAYA___APERTURA___ROUND_1,URUGUAY,LIGA AUF URUGUAYA - APERTURA - ROUND 1,https://www.flashscore.com/football/
VENEZUELA_LIGA_FUTVE___APERTURA___ROUND_2,VENEZUELA,LIGA FUTVE - APERTURA - ROUND 2,https://www.flashscore.com/football/
BRAZIL_CATARINENSE___RELEGATION_GROUP___ROUND_2,BRAZIL,CATARINENSE - RELEGATION GROUP - ROUND 2,https://www.flashscore.com/football/
BRAZIL_MINEIRO___ROUND_7,BRAZIL,MINEIRO - ROUND 7,https://www.flashscore.com/football/
COLOMBIA_PRIMERA_A___APERTURA___ROUND_5,COLOMBIA,PRIMERA A - APERTURA - ROUND 5,https://www.flashscore.com/football/
CHILE_LIGA_DE_PRIMERA___ROUND_2,CHILE,LIGA DE PRIMERA - ROUND 2,https://www.flashscore.com/football/
MARTINIQUE_TROPHEE_GERARD_JANVION___ROUND_15,MARTINIQUE,TROPHEE GERARD JANVION - ROUND 15,https://www.flashscore.com/football/
ARGENTINA_LIGA_PROFESIONAL___APERTURA___ROUND_4,ARGENTINA,LIGA PROFESIONAL - APERTURA - ROUND 4,https://www.flashscore.com/football/
GUATEMALA_LIGA_NACIONAL___CLAUSURA___ROUND_5,GUATEMALA,LIGA NACIONAL - CLAUSURA - ROUND 5,https://www.flashscore.com/football/
HONDURAS_LIGA_NACIONAL___CLAUSURA___ROUND_4,HONDURAS,LIGA NACIONAL - CLAUSURA - ROUND 4,https://www.flashscore.com/football/
MEXICO_LIGA_MX___CLAUSURA___ROUND_5,MEXICO,LIGA MX - CLAUSURA - ROUND 5,https://www.flashscore.com/football/
MEXICO_LIGA_DE_EXPANSION_MX___CLAUSURA___ROUND_5,MEXICO,LIGA DE EXPANSION MX - CLAUSURA - ROUND 5,https://www.flashscore.com/football/
PANAMA_LPF___CLAUSURA___ROUND_4,PANAMA,LPF - CLAUSURA - ROUND 4,https://www.flashscore.com/football/
COSTA_RICA_PRIMERA_DIVISION___CLAUSURA___ROUND_6,COSTA RICA,PRIMERA DIVISION - CLAUSURA - ROUND 6,https://www.flashscore.com/football/
JAPAN_J2/J3_LEAGUE___ROUND_1,JAPAN,J2/J3 LEAGUE - ROUND 1,https://www.flashscore.com/football/
PHILIPPINES_PFL___ROUND_13,PHILIPPINES,PFL - ROUND 13,https://www.flashscore.com/football/
TAIWAN_MULAN_FOOTBALL_LEAGUE_WOMEN___ROUND_14,TAIWAN,MULAN FOOTBALL LEAGUE WOMEN - ROUND 14,https://www.flashscore.com/football/
LAOS_LAO_LEAGUE___ROUND_13,LAOS,LAO LEAGUE - ROUND 13,https://www.flashscore.com/football/
TURKEY_1._LIG___ROUND_24,TURKEY,1. LIG - ROUND 24,https://www.flashscore.com/football/
CAMBODIA_CPL___ROUND_20,CAMBODIA,CPL - ROUND 20,https://www.flashscore.com/football/
SPAIN_LIGA_F_WOMEN___ROUND_19,SPAIN,LIGA F WOMEN - ROUND 19,https://www.flashscore.com/football/
VIETNAM_V.LEAGUE_1___ROUND_13,VIETNAM,V.LEAGUE 1 - ROUND 13,https://www.flashscore.com/football/
ITALY_SERIE_A_WOMEN___ROUND_13,ITALY,SERIE A WOMEN - ROUND 13,https://www.flashscore.com/football/
TURKEY_SUPER_LIG___ROUND_21,TURKEY,SUPER LIG - ROUND 21,https://www.flashscore.com/football/
DR_CONGO_LIGUE_1___ROUND_28,DR CONGO,LIGUE 1 - ROUND 28,https://www.flashscore.com/football/
DR_CONGO_LIGUE_1___ROUND_23,DR CONGO,LIGUE 1 - ROUND 23,https://www.flashscore.com/football/
ENGLAND_WSL___ROUND_15,ENGLAND,WSL - ROUND 15,https://www.flashscore.com/football/
FINLAND_LIIGA_CUP,FINLAND,LIIGA CUP,https://www.flashscore.com/football/
KOSOVO_SUPERLIGA___ROUND_19,KOSOVO,SUPERLIGA - ROUND 19,https://www.flashscore.com/football/
LESOTHO_PREMIER_LEAGUE___ROUND_18,LESOTHO,PREMIER LEAGUE - ROUND 18,https://www.flashscore.com/football/
WORLD:_CLUB_FRIENDLY,WORLD:,Club Friendly,https://www.flashscore.com/football/
WORLD:_CLUB_FRIENDLY_WOMEN,WORLD:,Club Friendly Women,https://www.flashscore.com/football/
BOTSWANA:_PREMIER_LEAGUE,BOTSWANA:,Premier League,https://www.flashscore.com/football/
ALGERIA:_LIGUE_1,ALGERIA:,Ligue 1,https://www.flashscore.com/football/
WORLD:_FRIENDLY_INTERNATIONAL,WORLD:,Friendly International,https://www.flashscore.com/football/
WORLD:_FRIENDLY_INTERNATIONAL_WOMEN,WORLD:,Friendly International Women,https://www.flashscore.com/football/
NICARAGUA:_LIGA_PRIMERA___CLAUSURA,NICARAGUA:,Liga Primera - Clausura,https://www.flashscore.com/football/
MALTA:_PREMIER_LEAGUE___SECOND_STAGE___MAIN,MALTA:,Premier League - Second stage - Main,https://www.flashscore.com/football/
ARGENTINA:_LIGA_PROFESIONAL___APERTURA,ARGENTINA:,Liga Profesional - Apertura,https://www.flashscore.com/football/
SCOTLAND:_PREMIERSHIP,SCOTLAND:,Premiership,https://www.flashscore.com/football/
NORTHERN_IRELAND:_NIFL_PREMIERSHIP,NORTHERN IRELAND:,NIFL Premiership,https://www.flashscore.com/football/
SCOTLAND:_CHAMPIONSHIP,SCOTLAND:,Championship,https://www.flashscore.com/football/
ENGLAND:_LEAGUE_ONE,ENGLAND:,League One,https://www.flashscore.com/football/
ENGLAND:_LEAGUE_TWO,ENGLAND:,League Two,https://www.flashscore.com/football/
POLAND:_EKSTRAKLASA,POLAND:,Ekstraklasa,https://www.flashscore.com/football/
ITALY:_SERIE_A,ITALY:,Serie A,https://www.flashscore.com/football/
SLOVENIA:_PRVA_LIGA,SLOVENIA:,Prva liga,https://www.flashscore.com/football/
TANZANIA:_LIGI_KUU_BARA,TANZANIA:,Ligi Kuu Bara,https://www.flashscore.com/football/
EUROPE:_PREMIER_LEAGUE_INTERNATIONAL_CUP,EUROPE:,Premier League International Cup,https://www.flashscore.com/football/
ENGLAND:_CHAMPIONSHIP,ENGLAND:,Championship,https://www.flashscore.com/football/
BANGLADESH:_FEDERATION_CUP,BANGLADESH:,Federation Cup,https://www.flashscore.com/football/
NORTHERN_IRELAND:_NIFL_CHAMPIONSHIP,NORTHERN IRELAND:,NIFL Championship,https://www.flashscore.com/football/
NORWAY_OBOS_SUPERCUP___ROUND_2,NORWAY,OBOS SUPERCUP - ROUND 2,https://www.flashscore.com/football/
ENGLAND_LEAGUE_ONE___ROUND_31,ENGLAND,LEAGUE ONE - ROUND 31,https://www.flashscore.com/football/
CYPRUS_DIVISION_2___RELEGATION_GROUP___ROUND_4,CYPRUS,DIVISION 2 - RELEGATION GROUP - ROUND 4,https://www.flashscore.com/football/
CYPRUS_DIVISION_2___CHAMPIONSHIP_GROUP___ROUND_4,CYPRUS,DIVISION 2 - CHAMPIONSHIP GROUP - ROUND 4,https://www.flashscore.com/football/
FRANCE_PREMIERE_LIGUE_WOMEN___ROUND_15,FRANCE,PREMIERE LIGUE WOMEN - ROUND 15,https://www.flashscore.com/football/
HUNGARY_NB_II.___ROUND_17,HUNGARY,NB II. - ROUND 17,https://www.flashscore.com/football/
ISRAEL_LIGAT_HA'AL___ROUND_22,ISRAEL,LIGAT HA'AL - ROUND 22,https://www.flashscore.com/football/
LIBYA_PREMIER_LEAGUE___ROUND_9,LIBYA,PREMIER LEAGUE - ROUND 9,https://www.flashscore.com/football/
SERBIA_MOZZART_BET_SUPER_LIGA___ROUND_22,SERBIA,MOZZART BET SUPER LIGA - ROUND 22,https://www.flashscore.com/football/
TUNISIA_LIGUE_PROFESSIONNELLE_1___ROUND_20,TUNISIA,LIGUE PROFESSIONNELLE 1 - ROUND 20,https://www.flashscore.com/football/
ITALY_SERIE_C___GROUP_A___ROUND_25,ITALY,SERIE C - GROUP A - ROUND 25,https://www.flashscore.com/football/
NETHERLANDS_TWEEDE_DIVISIE___ROUND_22,NETHERLANDS,TWEEDE DIVISIE - ROUND 22,https://www.flashscore.com/football/
BAHRAIN_PREMIER_LEAGUE___ROUND_14,BAHRAIN,PREMIER LEAGUE - ROUND 14,https://www.flashscore.com/football/
ALGERIA_LIGUE_1___ROUND_18,ALGERIA,LIGUE 1 - ROUND 18,https://www.flashscore.com/football/
BOTSWANA_PREMIER_LEAGUE___ROUND_19,BOTSWANA,PREMIER LEAGUE - ROUND 19,https://www.flashscore.com/football/
CZECH_REPUBLIC_CHANCE_LIGA___ROUND_21,CZECH REPUBLIC,CHANCE LIGA - ROUND 21,https://www.flashscore.com/football/
SAN_MARINO_CAMPIONATO_SAMMARINESE___ROUND_20,SAN MARINO,CAMPIONATO SAMMARINESE - ROUND 20,https://www.flashscore.com/football/
SWITZERLAND_SUPER_LEAGUE_WOMEN___ROUND_13,SWITZERLAND,SUPER LEAGUE WOMEN - ROUND 13,https://www.flashscore.com/football/
SLOVENIA_PRVA_LIGA___ROUND_21,SLOVENIA,PRVA LIGA - ROUND 21,https://www.flashscore.com/football/
WALES_CYMRU_SOUTH___ROUND_15,WALES,CYMRU SOUTH - ROUND 15,https://www.flashscore.com/football/
WALES_CYMRU_NORTH___ROUND_16,WALES,CYMRU NORTH - ROUND 16,https://www.flashscore.com/football/
ZAMBIA_SUPER_LEAGUE___ROUND_22,ZAMBIA,SUPER LEAGUE - ROUND 22,https://www.flashscore.com/football/
SLOVAKIA_NIKE_LIGA___ROUND_19,SLOVAKIA,NIKE LIGA - ROUND 19,https://www.flashscore.com/football/
WALES_CYMRU_NORTH___ROUND_9,WALES,CYMRU NORTH - ROUND 9,https://www.flashscore.com/football/
BENIN_LIGUE_1___ROUND_17,BENIN,LIGUE 1 - ROUND 17,https://www.flashscore.com/football/
CYPRUS_CYPRUS_LEAGUE___ROUND_21,CYPRUS,CYPRUS LEAGUE - ROUND 21,https://www.flashscore.com/football/
GREECE_SUPER_LEAGUE___ROUND_20,GREECE,SUPER LEAGUE - ROUND 20,https://www.flashscore.com/football/
MOROCCO_BOTOLA_PRO___ROUND_11,MOROCCO,BOTOLA PRO - ROUND 11,https://www.flashscore.com/football/
NIGERIA_NPFL___ROUND_25,NIGERIA,NPFL - ROUND 25,https://www.flashscore.com/football/
NORWAY_NASJONAL_U19_CL___ROUND_2,NORWAY,NASJONAL U19 CL - ROUND 2,https://www.flashscore.com/football/
SCOTLAND_LEAGUE_ONE___ROUND_24,SCOTLAND,LEAGUE ONE - ROUND 24,https://www.flashscore.com/football/
SCOTLAND_LEAGUE_TWO___ROUND_24,SCOTLAND,LEAGUE TWO - ROUND 24,https://www.flashscore.com/football/
IVORY_COAST_LIGUE_1___ROUND_17,IVORY COAST,LIGUE 1 - ROUND 17,https://www.flashscore.com/football/
MALTA_PREMIER_LEAGUE___SECOND_STAGE___MAIN___ROUND_21,MALTA,PREMIER LEAGUE - SECOND STAGE - MAIN - ROUND 21,https://www.flashscore.com/football/
NETHERLANDS_EREDIVISIE_WOMEN___ROUND_8,NETHERLANDS,EREDIVISIE WOMEN - ROUND 8,https://www.flashscore.com/football/
PORTUGAL_LIGA_PORTUGAL___ROUND_21,PORTUGAL,LIGA PORTUGAL - ROUND 21,https://www.flashscore.com/football/
AFRICA_CAF_CONFEDERATION_CUP___ROUND_5,AFRICA,CAF CONFEDERATION CUP - ROUND 5,https://www.flashscore.com/football/
GAMBIA_GFA_LEAGUE___ROUND_11,GAMBIA,GFA LEAGUE - ROUND 11,https://www.flashscore.com/football/
ICELAND_LEAGUE_CUP_WOMEN___ROUND_4,ICELAND,LEAGUE CUP WOMEN - ROUND 4,https://www.flashscore.com/football/
SENEGAL_LIGUE_1___ROUND_14,SENEGAL,LIGUE 1 - ROUND 14,https://www.flashscore.com/football/
ITALY_SERIE_C___GROUP_B___ROUND_25,ITALY,SERIE C - GROUP B - ROUND 25,https://www.flashscore.com/football/
SWITZERLAND_SUPER_LEAGUE___ROUND_23,SWITZERLAND,SUPER LEAGUE - ROUND 23,https://www.flashscore.com/football/
WALES_CYMRU_SOUTH___ROUND_21,WALES,CYMRU SOUTH - ROUND 21,https://www.flashscore.com/football/
ANDORRA_PRIMERA_DIVISIÓ___ROUND_17,ANDORRA,PRIMERA DIVISIÓ - ROUND 17,https://www.flashscore.com/football/
BRAZIL_PAULISTA___ROUND_7,BRAZIL,PAULISTA - ROUND 7,https://www.flashscore.com/football/
USA_USL_SUPER_LEAGUE_WOMEN,USA,USL SUPER LEAGUE WOMEN,https://www.flashscore.com/football/
DOMINICAN_REPUBLIC_LDF___WINNERS_STAGE___ROUND_5,DOMINICAN REPUBLIC,LDF - WINNERS STAGE - ROUND 5,https://www.flashscore.com/football/
NORTH_&_CENTRAL_AMERICA_WORLD_CUP_U17___QUALIFICATION___ROUND_3,NORTH & CENTRAL AMERICA,WORLD CUP U17 - QUALIFICATION - ROUND 3,https://www.flashscore.com/football/
SURINAME_SML___ROUND_15,SURINAME,SML - ROUND 15,https://www.flashscore.com/football/
NICARAGUA_LIGA_PRIMERA___CLAUSURA___ROUND_5,NICARAGUA,LIGA PRIMERA - CLAUSURA - ROUND 5,https://www.flashscore.com/football/
NORTH_&_CENTRAL_AMERICA_WORLD_CUP_U17___QUALIFICATION___ROUND_4,NORTH & CENTRAL AMERICA,WORLD CUP U17 - QUALIFICATION - ROUND 4,https://www.flashscore.com/football/
BRAZIL_CARIOCA___TACA_GUANABARA___ROUND_6,BRAZIL,CARIOCA - TACA GUANABARA - ROUND 6,https://www.flashscore.com/football/
EL_SALVADOR_PRIMERA_DIVISION___CLAUSURA___ROUND_6,EL SALVADOR,PRIMERA DIVISION - CLAUSURA - ROUND 6,https://www.flashscore.com/football/
TURKEY_SUPER_LIG_WOMEN___ROUND_18,TURKEY,SUPER LIG WOMEN - ROUND 18,https://www.flashscore.com/football/
NETHERLANDS_EREDIVISIE_WOMEN___ROUND_9,NETHERLANDS,EREDIVISIE WOMEN - ROUND 9,https://www.flashscore.com/football/
AZERBAIJAN_PREMIER_LEAGUE___ROUND_19,AZERBAIJAN,PREMIER LEAGUE - ROUND 19,https://www.flashscore.com/football/
KOSOVO_LIGA_E_PARE___ROUND_19,KOSOVO,LIGA E PARE - ROUND 19,https://www.flashscore.com/football/
CAMEROON_ELITE_ONE___ROUND_4,CAMEROON,ELITE ONE - ROUND 4,https://www.flashscore.com/football/
SAUDI_ARABIA_DIVISION_1___ROUND_21,SAUDI ARABIA,DIVISION 1 - ROUND 21,https://www.flashscore.com/football/
SCOTLAND_SWPL_1_WOMEN___ROUND_17,SCOTLAND,SWPL 1 WOMEN - ROUND 17,https://www.flashscore.com/football/
TANZANIA_LIGI_KUU_BARA___ROUND_16,TANZANIA,LIGI KUU BARA - ROUND 16,https://www.flashscore.com/football/
LUXEMBOURG_BGL_LIGUE___ROUND_16,LUXEMBOURG,BGL LIGUE - ROUND 16,https://www.flashscore.com/football/
NORWAY_NASJONAL_U19_CL___ROUND_3,NORWAY,NASJONAL U19 CL - ROUND 3,https://www.flashscore.com/football/
BRAZIL_GAUCHO___RELEGATION___ROUND_2,BRAZIL,GAUCHO - RELEGATION - ROUND 2,https://www.flashscore.com/football/
JAMAICA_PREMIER_LEAGUE___ROUND_22,JAMAICA,PREMIER LEAGUE - ROUND 22,https://www.flashscore.com/football/
BARBADOS_PREMIER_LEAGUE___ROUND_5,BARBADOS,PREMIER LEAGUE - ROUND 5,https://www.flashscore.com/football/
ANTIGUA_&_BARBUDA_ABFA_PREMIER_LEAGUE___ROUND_14,ANTIGUA & BARBUDA,ABFA PREMIER LEAGUE - ROUND 14,https://www.flashscore.com/football/
MYANMAR_NATIONAL_LEAGUE___ROUND_17,MYANMAR,NATIONAL LEAGUE - ROUND 17,https://www.flashscore.com/football/
THAILAND_THAI_LEAGUE_1___ROUND_20,THAILAND,THAI LEAGUE 1 - ROUND 20,https://www.flashscore.com/football/
ETHIOPIA_PREMIER_LEAGUE___ROUND_16,ETHIOPIA,PREMIER LEAGUE - ROUND 16,https://www.flashscore.com/football/
ASIA_AFC_CHAMPIONS_LEAGUE___LEAGUE_PHASE___ROUND_7,ASIA,AFC CHAMPIONS LEAGUE - LEAGUE PHASE - ROUND 7,https://www.flashscore.com/football/
CHAD_PREMIERE_DIVISION___LPFN___ROUND_14,CHAD,PREMIERE DIVISION - LPFN - ROUND 14,https://www.flashscore.com/football/
MEXICO_LIGA_MX_WOMEN___CLAUSURA___ROUND_8,MEXICO,LIGA MX WOMEN - CLAUSURA - ROUND 8,https://www.flashscore.com/football/
ROMANIA_ROMANIAN_CUP___ROUND_3,ROMANIA,ROMANIAN CUP - ROUND 3,
DR_CONGO_LIGUE_1___ROUND_30,DR CONGO,LIGUE 1 - ROUND 30,
DR_CONGO_LIGUE_1___ROUND_25,DR CONGO,LIGUE 1 - ROUND 25,
NORTH_MACEDONIA_1._MFL___ROUND_17,NORTH MACEDONIA,1. MFL - ROUND 17,
ASIA_GULF_CLUB_CHAMPIONS_LEAGUE___ROUND_5,ASIA,GULF CLUB CHAMPIONS LEAGUE - ROUND 5,
EGYPT_PREMIER_LEAGUE___ROUND_12,EGYPT,PREMIER LEAGUE - ROUND 12,
ITALY_SERIE_C___GROUP_C___ROUND_26,ITALY,SERIE C - GROUP C - ROUND 26,
ITALY_SERIE_B___ROUND_24,ITALY,SERIE B - ROUND 24,
ENGLAND_PREMIER_LEAGUE___ROUND_26,ENGLAND,PREMIER LEAGUE - ROUND 26,
SWITZERLAND_SUPER_LEAGUE___ROUND_24,SWITZERLAND,SUPER LEAGUE - ROUND 24,
ENGLAND_CHAMPIONSHIP___ROUND_32,ENGLAND,CHAMPIONSHIP - ROUND 32,
ENGLAND_LEAGUE_ONE___ROUND_16,ENGLAND,LEAGUE ONE - ROUND 16,
ENGLAND_LEAGUE_ONE___ROUND_7,ENGLAND,LEAGUE ONE - ROUND 7,
NORTHERN_IRELAND_NIFL_PREMIERSHIP___ROUND_28,NORTHERN IRELAND,NIFL PREMIERSHIP - ROUND 28,
SCOTLAND_LEAGUE_ONE___ROUND_22,SCOTLAND,LEAGUE ONE - ROUND 22,
SCOTLAND_LEAGUE_TWO___ROUND_21,SCOTLAND,LEAGUE TWO - ROUND 21,
SCOTLAND_PREMIERSHIP___ROUND_26,SCOTLAND,PREMIERSHIP - ROUND 26,
COLOMBIA_PRIMERA_A___APERTURA___ROUND_6,COLOMBIA,PRIMERA A - APERTURA - ROUND 6,
EL_SALVADOR_COPA_PRESIDENTE___ROUND_1,EL SALVADOR,COPA PRESIDENTE - ROUND 1,
MEXICO_LIGA_DE_EXPANSION_MX___CLAUSURA___ROUND_7,MEXICO,LIGA DE EXPANSION MX - CLAUSURA - ROUND 7,
BRAZIL_SERIE_A_BETANO___ROUND_3,BRAZIL,SERIE A BETANO - ROUND 3,
NORTH_&_CENTRAL_AMERICA_WORLD_CUP_U17___QUALIFICATION___ROUND_5,NORTH & CENTRAL AMERICA,WORLD CUP U17 - QUALIFICATION - ROUND 5,
PHILIPPINES_PFL___ROUND_14,PHILIPPINES,PFL - ROUND 14,
SAUDI_ARABIA_DIVISION_2___ROUND_22,SAUDI ARABIA,DIVISION 2 - ROUND 22,
EGYPT_PREMIER_LEAGUE___ROUND_14,EGYPT,PREMIER LEAGUE - ROUND 14,
SIERRA_LEONE_PREMIER_LEAGUE___ROUND_15,SIERRA LEONE,PREMIER LEAGUE - ROUND 15,
GERMANY_BUNDESLIGA_WOMEN___ROUND_16,GERMANY,BUNDESLIGA WOMEN - ROUND 16,
ITALY_SERIE_C___GROUP_A___ROUND_26,ITALY,SERIE C - GROUP A - ROUND 26,
BRAZIL_COPA_ALAGOAS___ROUND_3,BRAZIL,COPA ALAGOAS - ROUND 3,
NETHERLANDS_EREDIVISIE___ROUND_20,NETHERLANDS,EREDIVISIE - ROUND 20,
ICELAND_LEAGUE_CUP___ROUND_5,ICELAND,LEAGUE CUP - ROUND 5,
WALES_PREMIER_WOMEN___ROUND_13,WALES,PREMIER WOMEN - ROUND 13,
ENGLAND_LEAGUE_TWO___ROUND_32,ENGLAND,LEAGUE TWO - ROUND 32,
JAMAICA_PREMIER_LEAGUE___ROUND_9,JAMAICA,PREMIER LEAGUE - ROUND 9,
HONDURAS_LIGA_NACIONAL___CLAUSURA___ROUND_5,HONDURAS,LIGA NACIONAL - CLAUSURA - ROUND 5,
PANAMA_LPF___CLAUSURA___ROUND_5,PANAMA,LPF - CLAUSURA - ROUND 5,
NICARAGUA_LIGA_PRIMERA___CLAUSURA___ROUND_6,NICARAGUA,LIGA PRIMERA - CLAUSURA - ROUND 6,
TANZANIA_LIGI_KUU_BARA___ROUND_17,TANZANIA,LIGI KUU BARA - ROUND 17,
UGANDA_PREMIER_LEAGUE___ROUND_16,UGANDA,PREMIER LEAGUE - ROUND 16,
JORDAN_PREMIER_LEAGUE___ROUND_15,JORDAN,PREMIER LEAGUE - ROUND 15,
SEYCHELLES_PREMIER_LEAGUE___ROUND_11,SEYCHELLES,PREMIER LEAGUE - ROUND 11,
SAUDI_ARABIA_PREMIER_LEAGUE_WOMEN___ROUND_10,SAUDI ARABIA,PREMIER LEAGUE WOMEN - ROUND 10,
SAUDI_ARABIA_SAUDI_PROFESSIONAL_LEAGUE___ROUND_22,SAUDI ARABIA,SAUDI PROFESSIONAL LEAGUE - ROUND 22,
ITALY_SERIE_C___GROUP_B___ROUND_26,ITALY,SERIE C - GROUP B - ROUND 26,
ICELAND_LEAGUE_CUP___ROUND_3,ICELAND,LEAGUE CUP - ROUND 3,
FRANCE_NATIONAL___ROUND_21,FRANCE,NATIONAL - ROUND 21,
NETHERLANDS_EERSTE_DIVISIE___ROUND_27,NETHERLANDS,EERSTE DIVISIE - ROUND 27,
GIBRALTAR_NATIONAL_LEAGUE___ROUND_7,GIBRALTAR,NATIONAL LEAGUE - ROUND 7,
JAMAICA_PREMIER_LEAGUE___ROUND_8,JAMAICA,PREMIER LEAGUE - ROUND 8,
ARGENTINA_LIGA_PROFESIONAL___APERTURA___ROUND_5,ARGENTINA,LIGA PROFESIONAL - APERTURA - ROUND 5,
BRAZIL_BRASILEIRO_WOMEN___ROUND_1,BRAZIL,BRASILEIRO WOMEN - ROUND 1,
AUSTRALIA_A_LEAGUE_WOMEN___ROUND_17,AUSTRALIA,A-LEAGUE WOMEN - ROUND 17,
AUSTRALIA_NPL_VICTORIA___ROUND_1,AUSTRALIA,NPL VICTORIA - ROUND 1,
INDONESIA_SUPER_LEAGUE___ROUND_21,INDONESIA,SUPER LEAGUE - ROUND 21,
AUSTRALIA_VICTORIA_PREMIER_LEAGUE___ROUND_1,AUSTRALIA,VICTORIA PREMIER LEAGUE - ROUND 1,
JAPAN_J1_LEAGUE___ROUND_2,JAPAN,J1 LEAGUE - ROUND 2,
SINGAPORE_PREMIER_LEAGUE___ROUND_11,SINGAPORE,PREMIER LEAGUE - ROUND 11,
IRAN_PERSIAN_GULF_PRO_LEAGUE___ROUND_21,IRAN,PERSIAN GULF PRO LEAGUE - ROUND 21,
TURKEY_1._LIG___ROUND_25,TURKEY,1. LIG - ROUND 25,
IRAQ_STARS_LEAGUE___ROUND_18,IRAQ,STARS LEAGUE - ROUND 18,
ISRAEL_LIGAT_HA'AL___ROUND_23,ISRAEL,LIGAT HA'AL - ROUND 23,
THAILAND_THAI_LEAGUE_1___ROUND_21,THAILAND,THAI LEAGUE 1 - ROUND 21,
LEBANON_PREMIER_LEAGUE___ROUND_15,LEBANON,PREMIER LEAGUE - ROUND 15,
BURUNDI_PRIMUS_LEAGUE___ROUND_21,BURUNDI,PRIMUS LEAGUE - ROUND 21,
ISRAEL_LEUMIT_LEAGUE___ROUND_23,ISRAEL,LEUMIT LEAGUE - ROUND 23,
SAUDI_ARABIA_DIVISION_1___ROUND_22,SAUDI ARABIA,DIVISION 1 - ROUND 22,
TUNISIA_LIGUE_PROFESSIONNELLE_1___ROUND_21,TUNISIA,LIGUE PROFESSIONNELLE 1 - ROUND 21,
ALGERIA_LIGUE_1___ROUND_19,ALGERIA,LIGUE 1 - ROUND 19,
UNITED_ARAB_EMIRATES_UAE_LEAGUE___ROUND_16,UNITED ARAB EMIRATES,UAE LEAGUE - ROUND 16,
GHANA_PREMIER_LEAGUE___ROUND_22,GHANA,PREMIER LEAGUE - ROUND 22,
GHANA_DIVISION_ONE_LEAGUE___ROUND_19,GHANA,DIVISION ONE LEAGUE - ROUND 19,
BULGARIA_EFBET_LEAGUE___ROUND_21,BULGARIA,EFBET LEAGUE - ROUND 21,
GAMBIA_GFA_LEAGUE___ROUND_12,GAMBIA,GFA LEAGUE - ROUND 12,
SERBIA_MOZZART_BET_PRVA_LIGA___ROUND_23,SERBIA,MOZZART BET PRVA LIGA - ROUND 23,
CYPRUS_DIVISION_2___CHAMPIONSHIP_GROUP___ROUND_5,CYPRUS,DIVISION 2 - CHAMPIONSHIP GROUP - ROUND 5,
CYPRUS_CYPRUS_LEAGUE___ROUND_22,CYPRUS,CYPRUS LEAGUE - ROUND 22,
CROATIA_HNL___ROUND_22,CROATIA,HNL - ROUND 22,
NORWAY_OBOS_SUPERCUP___ROUND_3,NORWAY,OBOS SUPERCUP - ROUND 3,
POLAND_DIVISION_1___ROUND_21,POLAND,DIVISION 1 - ROUND 21,
POLAND_EKSTRAKLASA___ROUND_21,POLAND,EKSTRAKLASA - ROUND 21,
TURKEY_SUPER_LIG___ROUND_22,TURKEY,SUPER LIG - ROUND 22,
GERMANY_2._BUNDESLIGA___ROUND_22,GERMANY,2. BUNDESLIGA - ROUND 22,
MALTA_PREMIER_LEAGUE___SECOND_STAGE___MAIN___ROUND_22,MALTA,PREMIER LEAGUE - SECOND STAGE - MAIN - ROUND 22,
GERMANY_BUNDESLIGA_WOMEN___ROUND_18,GERMANY,BUNDESLIGA WOMEN - ROUND 18,
SOUTH_AFRICA_BETWAY_PREMIERSHIP___ROUND_18,SOUTH AFRICA,BETWAY PREMIERSHIP - ROUND 18,
FRANCE_LIGUE_1___ROUND_22,FRANCE,LIGUE 1 - ROUND 22,
SPAIN_PRIMERA_RFEF___GROUP_2___ROUND_24,SPAIN,PRIMERA RFEF - GROUP 2 - ROUND 24,
ROMANIA_SUPERLIGA___ROUND_27,ROMANIA,SUPERLIGA - ROUND 27,
SWITZERLAND_SUPER_LEAGUE_WOMEN___ROUND_14,SWITZERLAND,SUPER LEAGUE WOMEN - ROUND 14,
PORTUGAL_LIGA_PORTUGAL___ROUND_22,PORTUGAL,LIGA PORTUGAL - ROUND 22,
SWITZERLAND_CHALLENGE_LEAGUE___ROUND_22,SWITZERLAND,CHALLENGE LEAGUE - ROUND 22,
NETHERLANDS_EREDIVISIE___ROUND_23,NETHERLANDS,EREDIVISIE - ROUND 23,
BELGIUM_CHALLENGER_PRO_LEAGUE___ROUND_25,BELGIUM,CHALLENGER PRO LEAGUE - ROUND 25,
ENGLAND_WSL___ROUND_16,ENGLAND,WSL - ROUND 16,
FRANCE_LIGUE_2___ROUND_23,FRANCE,LIGUE 2 - ROUND 23,
MOROCCO_BOTOLA_PRO___ROUND_12,MOROCCO,BOTOLA PRO - ROUND 12,
GERMANY_BUNDESLIGA___ROUND_22,GERMANY,BUNDESLIGA - ROUND 22,
SPAIN_LALIGA2___ROUND_26,SPAIN,LALIGA2 - ROUND 26,
WALES_CYMRU_SOUTH___ROUND_22,WALES,CYMRU SOUTH - ROUND 22,
ITALY_SERIE_A___ROUND_25,ITALY,SERIE A - ROUND 25,
BELGIUM_JUPILER_PRO_LEAGUE___ROUND_25,BELGIUM,JUPILER PRO LEAGUE - ROUND 25,
IRELAND_PREMIER_DIVISION___ROUND_2,IRELAND,PREMIER DIVISION - ROUND 2,
NORTHERN_IRELAND_NIFL_PREMIERSHIP___ROUND_29,NORTHERN IRELAND,NIFL PREMIERSHIP - ROUND 29,
SCOTLAND_CHAMPIONSHIP___ROUND_25,SCOTLAND,CHAMPIONSHIP - ROUND 25,
WALES_CYMRU_PREMIER___RELEGATION_GROUP___ROUND_25,WALES,CYMRU PREMIER - RELEGATION GROUP - ROUND 25,
WALES_CYMRU_PREMIER___CHAMPIONSHIP_GROUP___ROUND_25,WALES,CYMRU PREMIER - CHAMPIONSHIP GROUP - ROUND 25,
WALES_CYMRU_NORTH___ROUND_22,WALES,CYMRU NORTH - ROUND 22,
SPAIN_LALIGA___ROUND_24,SPAIN,LALIGA - ROUND 24,
PERU_LIGA_1___APERTURA___ROUND_3,PERU,LIGA 1 - APERTURA - ROUND 3,
SPAIN_PRIMERA_RFEF___GROUP_1___ROUND_24,SPAIN,PRIMERA RFEF - GROUP 1 - ROUND 24,
VENEZUELA_LIGA_FUTVE___APERTURA___ROUND_3,VENEZUELA,LIGA FUTVE - APERTURA - ROUND 3,
PARAGUAY_COPA_DE_PRIMERA___APERTURA___ROUND_5,PARAGUAY,COPA DE PRIMERA - APERTURA - ROUND 5,
URUGUAY_LIGA_AUF_URUGUAYA___APERTURA___ROUND_2,URUGUAY,LIGA AUF URUGUAYA - APERTURA - ROUND 2,
BRAZIL_CATARINENSE___RELEGATION_GROUP___ROUND_3,BRAZIL,CATARINENSE - RELEGATION GROUP - ROUND 3,
CHILE_LIGA_DE_PRIMERA___ROUND_3,CHILE,LIGA DE PRIMERA - ROUND 3,
MEXICO_LIGA_DE_EXPANSION_MX___CLAUSURA___ROUND_6,MEXICO,LIGA DE EXPANSION MX - CLAUSURA - ROUND 6,
ARGENTINA_PRIMERA_NACIONAL___ROUND_1,ARGENTINA,PRIMERA NACIONAL - ROUND 1,
MEXICO_LIGA_MX___CLAUSURA___ROUND_6,MEXICO,LIGA MX - CLAUSURA - ROUND 6,
COSTA_RICA_PRIMERA_DIVISION___CLAUSURA___ROUND_7,COSTA RICA,PRIMERA DIVISION - CLAUSURA - ROUND 7,
AUSTRALIA_NPL_NSW___ROUND_2,AUSTRALIA,NPL NSW - ROUND 2,
JAPAN_WE_LEAGUE_WOMEN___ROUND_15,JAPAN,WE LEAGUE WOMEN - ROUND 15,
JAPAN_J2/J3_LEAGUE___ROUND_2,JAPAN,J2/J3 LEAGUE - ROUND 2,
AUSTRALIA_NSW_LEAGUE_ONE___ROUND_2,AUSTRALIA,NSW LEAGUE ONE - ROUND 2,
HONG_KONG_PREMIER_LEAGUE___ROUND_8,HONG KONG,PREMIER LEAGUE - ROUND 8,
INDIA_ISL,INDIA,ISL,
PHILIPPINES_PFL___ROUND_15,PHILIPPINES,PFL - ROUND 15,
LAOS_LAO_LEAGUE___ROUND_14,LAOS,LAO LEAGUE - ROUND 14,
TURKEY_SUPER_LIG_WOMEN___ROUND_19,TURKEY,SUPER LIG WOMEN - ROUND 19,
ITALY_PRIMAVERA_1___ROUND_25,ITALY,PRIMAVERA 1 - ROUND 25,
CAMBODIA_CPL___ROUND_21,CAMBODIA,CPL - ROUND 21,
PORTUGAL_LIGA_3___RELEGATION_GROUP___ROUND_1,PORTUGAL,LIGA 3 - RELEGATION GROUP - ROUND 1,
PORTUGAL_LIGA_PORTUGAL_2___ROUND_22,PORTUGAL,LIGA PORTUGAL 2 - ROUND 22,
SPAIN_LIGA_F_WOMEN___ROUND_20,SPAIN,LIGA F WOMEN - ROUND 20,
ITALY_SERIE_A_WOMEN___ROUND_14,ITALY,SERIE A WOMEN - ROUND 14,
DR_CONGO_LIGUE_1___ROUND_26,DR CONGO,LIGUE 1 - ROUND 26,
ALBANIA_ABISSNET_SUPERIORE___ROUND_24,ALBANIA,ABISSNET SUPERIORE - ROUND 24,
