page_id,url,page_title,domain,first_seen,last_seen,visit_count,status
daddb91ef5336e829b96d1ca5e9e7378,https://www.football.com/ng/m/sport/football/,football Betting Odds | Live Matches & Prematch Betting | Football.com Nigeria,www.football.com,2026-01-01T15:25:23.038885,2026-01-01T15:58:11.959687,2,active
2c90a35f67d6f78f0be09a8eb622b010,https://www.flashscore.com/football/,"Africa Cup of Nations 2026, Football Live Scores, Latest Football Results | Flashscore.com",www.flashscore.com,2026-01-01T23:18:10.733007,2026-01-03T21:45:32.312020,5,active
065e9d2a5f388f5747ed4a9f15cb5638,https://www.flashscore.com/match/football/madura-united-6i1jCnP9/persebaya-CMfxYmUA/?mid=b3nOtfdm,MAD - PER | Madura United v Persebaya LIVE 03/01/2026 | Football - Flashscore | Summary,www.flashscore.com,2026-01-01T23:21:29.068437,2026-01-01T23:21:29.068437,1,active
8e1df5837e6c9350f7002aa17abe4d5b,https://www.flashscore.com/match/football/st-georges-lMtfAfk0/welayta-dicha-6PbLEfbd/?mid=Mk1JpqT7,St. George v Welayta Dicha LIVE 03/01/2026 | Football - Flashscore,www.flashscore.com,2026-01-01T23:21:30.507015,2026-01-01T23:21:30.507015,1,active
806fcb3c48be6f100bf6bded09887e44,https://www.flashscore.com/match/football/dpmm-K2cZL3G5/pdrm-fc-tGuLbJ45/?mid=lGsTSwNi,DPMM v PDRM FC LIVE 03/01/2026 | Football - Flashscore,www.flashscore.com,2026-01-01T23:21:30.693150,2026-01-01T23:21:30.693150,1,active
0d95bb7284504d88b6ea117d4be8e834,https://www.flashscore.com/match/football/ac-milan-UTnkO11b/as-roma-YF6nYqJ7/?mid=YkIc8uM8,MIL - ROM | AC Milan U20 v AS Roma U20 LIVE 03/01/2026 | Football - Flashscore | Summary,www.flashscore.com,2026-01-01T23:21:32.662235,2026-01-01T23:21:32.662235,1,active
59da5f7c617d250b1bdd5d019f67de2e,https://www.flashscore.com/match/football/aston-villa-W00wmLO0/nottingham-UsushcZr/?mid=GlW4sc3S,AST - NOT | Aston Villa v Nottingham LIVE 03/01/2026 | Football - Flashscore | Match,www.flashscore.com,2026-01-01T23:26:06.743870,2026-01-01T23:26:06.743870,1,active
ca69e6ed846a919c63daf9ad35f0906f,https://www.flashscore.com/match/football/achyronas-onisilos-YyyVbDya/omonia-29th-may-AHEsxolO/?mid=ELBhaj9k,Achyronas-Onisilos v Omonia 29th May LIVE 03/01/2026 | Football - Flashscore,www.flashscore.com,2026-01-01T23:26:17.716444,2026-01-01T23:26:17.716444,1,active
df1a3802a613344099ec946cc962d630,https://www.flashscore.com/match/football/ayia-napa-dWCMOmPr/nea-salamis-jcbJ6Sv2/?mid=Am51cUw2,Ayia Napa v Nea Salamis LIVE 03/01/2026 | Football - Flashscore,www.flashscore.com,2026-01-01T23:26:48.594708,2026-01-01T23:26:48.594708,1,active
5dddb126dbbafe6af7555e2f7dc667e1,https://www.flashscore.com/match/football/apea-akrotiriou-lnH6CTcS/ethnikos-latsion-M5lXqMwo/?mid=zRdmLXV8,APE - ETH | Apea Akrotiriou v Ethnikos Latsion LIVE 03/01/2026 | Football - Flashscore | Summary,www.flashscore.com,2026-01-01T23:28:18.883116,2026-01-01T23:28:18.883116,1,active
0639315d477d9d1fd9dcb29fdd2122d3,https://www.flashscore.com/match/football/digenis-akritas-63Dby8vk/paeek-AsjajEEj/?mid=SOySDkOr,DIG - PAE | Digenis Akritas v PAEEK LIVE 03/01/2026 | Football - Flashscore | Summary,www.flashscore.com,2026-01-01T23:30:09.097387,2026-01-01T23:30:09.097387,1,active
52d8b4112bf00a5f4e30a294cb92954e,https://www.flashscore.com/match/football/ec-de-patos-AwIB3jEU/francana-UgxRejgK/?mid=EJMbD5La,Francana U20 v EC de Patos U20 LIVE 03/01/2026 | Football - Flashscore,www.flashscore.com,2026-01-03T12:53:27.079832,2026-01-03T14:43:17.643360,2,active
dc5bf8ce53c81625f0a232960818cf2a,https://www.flashscore.com/match/football/ac-port-of-spain-Kh1eAsuT/central-fc-vurQNrno/?mid=AoMcKJdT,Central FC v Port Of Spain LIVE 03/01/2026 | Football - Flashscore,www.flashscore.com,2026-01-03T12:53:27.186906,2026-01-03T14:42:37.304059,2,active
bfcd639757bd3af4333f051f40c3d118,https://www.flashscore.com/match/football/ceara-MaTTf9Jf/olimpico-ec-hCSsLQz6/?mid=8IF7BqjC,Ceara U20 v Olimpico EC U20 LIVE 03/01/2026 | Football - Flashscore,www.flashscore.com,2026-01-03T12:53:27.293346,2026-01-03T14:43:18.370408,2,active
ef913f70b43d8b49445ddb8ad2e79875,https://www.flashscore.com/match/football/aracatuba-fc-vH6kCHJG/marica-hY2S73rK/?mid=6gJjFRjm,Aracatuba FC U20 v Marica U20 LIVE 03/01/2026 | Football - Flashscore,www.flashscore.com,2026-01-03T12:53:27.564602,2026-01-03T14:42:38.759368,2,active
0065509c9015f430fd466f9e24adc1b0,https://www.flashscore.com/match/football/vasco-KpxXEEbn/velo-clube-Kr5sSaab/?mid=tWDF9NKO,Vasco U20 v Velo Clube U20 LIVE 03/01/2026 | Football - Flashscore,www.flashscore.com,2026-01-03T12:54:04.787685,2026-01-03T14:43:55.512500,2,active
045d4536364e8919eb98c164b0aeb663,https://www.flashscore.com/match/football/point-fortin-C0IMEmDd/prison-service-vmwJnK7p/?mid=h6PMEcKj,Prison Service v Point Fortin LIVE 03/01/2026 | Football - Flashscore,www.flashscore.com,2026-01-03T12:55:33.680800,2026-01-03T14:52:18.088559,2,active
6e71b42e145f864427bc46a9c9c42040,https://www.flashscore.com/match/football/eagles-fc-pYYEb8lk/morvant-caledonia-united-4OgqwA3C/?mid=KCH8x1Cc,Morvant Caledonia Utd v Eagles FC LIVE 03/01/2026 | Football - Flashscore,www.flashscore.com,2026-01-03T12:55:33.837811,2026-01-03T14:52:17.800380,2,active
c26bda3a21936e2c32ed673fef30857a,https://www.flashscore.com/match/football/inter-wanica-vBeSXM5J/sv-transvaal-0Y0Skcv2/?mid=0xfZGWhT,Inter Wanica v SV Transvaal LIVE 03/01/2026 | Football - Flashscore,www.flashscore.com,2026-01-03T12:55:34.095194,2026-01-03T14:52:17.776098,2,active
d709b1ec4774d91d7afc6679e0b450b7,https://www.flashscore.com/match/football/america-mg-6mZ6F5u3/noroeste-rR3ajsLk/?mid=KdqQTQ5t,America MG U20 v Noroeste U20 LIVE 03/01/2026 | Football - Flashscore,www.flashscore.com,2026-01-03T12:55:34.128406,2026-01-03T14:52:18.364853,2,active
5a02424afc9435d515751821e73baba8,https://www.flashscore.com/match/football/al-fateh-OIDqIbjd/al-shabab-Gzqmz0ya/?mid=vD6IEvT0,Al Fateh v Al Shabab LIVE 03/01/2026 | Football - Flashscore,www.flashscore.com,2026-01-03T13:08:38.074046,2026-01-03T13:08:38.074046,1,active
d3eeb4f1c1d375916eba6bc35b0787c8,https://www.flashscore.com/match/football/al-najma-SMp0drcT/bahrain-sc-UwXjFqS3/?mid=p08ar4jt,Al-Najma v Bahrain SC LIVE 03/01/2026 | Football - Flashscore,www.flashscore.com,2026-01-03T13:08:38.235882,2026-01-03T13:08:38.235882,1,active
1a074866470d04f63bcda0214b5be476,https://www.flashscore.com/match/football/dhofar-pjsQ54Cc/oman-club-nPxbG6zt/?mid=UTkOKIrn,Dhofar v Oman Club LIVE 03/01/2026 | Football - Flashscore,www.flashscore.com,2026-01-03T13:08:38.329365,2026-01-03T13:08:38.329365,1,active
6784c89feae12ca1efd4ff086af70612,https://www.flashscore.com/match/football/alcorcon-0ranWp9D/fc-cartagena-sad-IJyXDZ6C/?mid=jZWGwGM5,Alcorcon v FC Cartagena SAD LIVE 03/01/2026 | Football - Flashscore,www.flashscore.com,2026-01-03T13:08:38.464088,2026-01-03T13:08:38.464088,1,active
b1dc4ecdc1cdf6717c34a07ebfb6c0f1,https://www.flashscore.com/match/football/giana-erminio-MwxjuB2g/trento-Gtx2eRRF/?mid=2oljxorA,Trento v Giana Erminio LIVE 03/01/2026 | Football - Flashscore,www.flashscore.com,2026-01-03T13:09:23.636782,2026-01-03T13:09:23.636782,1,active
500c5d66600de850893435a61c9b434a,https://www.flashscore.com/match/football/cittadella-C0yUqo8c/virtus-verona-f1BIaCoh/?mid=4WXDUgt1,Cittadella v Virtus Verona LIVE 03/01/2026 | Football - Flashscore,www.flashscore.com,2026-01-03T13:09:23.673435,2026-01-03T13:09:23.673435,1,active
983f98b86f2d0d0c3cd217f6caa2e777,https://www.flashscore.com/match/football/carpi-4Mj4hjbN/juventus-pW9laeGO/?mid=QBNwzD1s,Juventus U23 v Carpi LIVE 03/01/2026 | Football - Flashscore,www.flashscore.com,2026-01-03T13:09:24.315877,2026-01-03T13:09:24.315877,1,active
9f5b548caa0cdcb9f8c9c1b2d5957899,https://www.flashscore.com/match/football/ascoli-hd6UOqvB/pianese-drgCKhvg/?mid=8fs7uZwK,Pianese v Ascoli LIVE 03/01/2026 | Football - Flashscore,www.flashscore.com,2026-01-03T13:10:13.723591,2026-01-03T13:10:13.723591,1,active
08d542959411ef3d4ceda09979fbc58c,https://www.flashscore.com/match/football/sassari-torres-UiGfvfvT/us-pontedera-na5EoFL1/?mid=MRYyq8pC,Pontedera v Torres LIVE 03/01/2026 | Football - Flashscore,www.flashscore.com,2026-01-03T13:10:13.768317,2026-01-03T13:10:13.768317,1,active
8df99643b5ff217dae2f713abf320c18,https://www.flashscore.com/match/football/genoa-d0PJxeie/pisa-roasMsOT/?mid=xAB58pH8,Genoa v Pisa LIVE 03/01/2026 | Football - Flashscore,www.flashscore.com,2026-01-03T13:10:14.697752,2026-01-03T13:10:14.697752,1,active
adf4139a0a068b0cd7f2226795ae7167,https://www.flashscore.com/match/football/bahia-U7zIAwsm/internacional-de-limeira-nRKeihLN/?mid=dMbZmUzi,Bahia U20 v Inter de Limeira U20 LIVE 03/01/2026 | Football - Flashscore,www.flashscore.com,2026-01-03T13:10:55.040119,2026-01-03T13:10:55.040119,1,active
84892f8f8994e3a776e0e9b622395e69,https://www.flashscore.com/match/football/parma-6DxlaxHN/sassuolo-QDdvI0zl/?mid=8YJhcK87,Sassuolo v Parma LIVE 03/01/2026 | Football - Flashscore,www.flashscore.com,2026-01-03T13:10:55.041820,2026-01-03T13:10:55.041820,1,active
122e5c3f6c501de464f7bfcddd820d1e,https://www.flashscore.com/match/football/cremonese-EaJ0U1s8/torino-OGVExYGG/?mid=EZMNe2x3,Cremonese U20 v Torino U20 LIVE 03/01/2026 | Football - Flashscore,www.flashscore.com,2026-01-03T13:10:57.461747,2026-01-03T13:10:57.461747,1,active
5d6251b361ef1ad6835d482639e3dcff,https://www.flashscore.com/match/football/fiorentina-Q9VVMjSi/lazio-Sp2nsd2o/?mid=QZH3nbak,LAZ - FIO | Lazio U20 v Fiorentina U20 LIVE 03/01/2026 | Football - Flashscore | Summary,www.flashscore.com,2026-01-03T13:11:35.524355,2026-01-03T13:11:35.524355,1,active
e0af680108f80f0556410f39460632a8,https://www.flashscore.com/match/football/atalanta-G4WDBJRt/monza-tEbXWFBs/?mid=63G56JjL,Monza U20 v Atalanta U20 LIVE 03/01/2026 | Football - Flashscore,www.flashscore.com,2026-01-03T13:11:37.347879,2026-01-03T13:11:37.347879,1,active
421e353787c80c3dbc3d92ed9b22df23,https://www.flashscore.com/match/football/queens-university-CCutH6eO/warrenpoint-jebXnqfN/?mid=Ag678dt9,Queens Univ. v Warrenpoint LIVE 03/01/2026 | Football - Flashscore,www.flashscore.com,2026-01-03T13:11:38.250041,2026-01-03T13:11:38.250041,1,active
740fa9db5a9588f25e79b3a38b4da04e,https://www.flashscore.com/match/football/fc-felgueiras-8AHslu7F/oliveirense-tA7VEKwU/?mid=nRexcX3F,Felgueiras v Oliveirense LIVE 03/01/2026 | Football - Flashscore,www.flashscore.com,2026-01-03T13:12:09.076213,2026-01-03T13:12:09.076213,1,active
bf2cf1355a7b619296736f87e33d585c,https://www.flashscore.com/match/football/ammanford-town-CKHq8vfg/ynyshir-albions-nLouPzT3/?mid=babKhsI8,Ammanford v Ynyshir Albions LIVE 03/01/2026 | Football - Flashscore,www.flashscore.com,2026-01-03T13:12:14.979111,2026-01-03T13:12:14.979111,1,active
fb83c8466d080c418e4e2463fe31119f,https://www.flashscore.com/match/football/baglan-dragons-ABH6mjcF/llantwit-major-tb3xcTQs/?mid=xWUxt4Y2,Llantwit Major v Baglan Dragons LIVE 03/01/2026 | Football - Flashscore,www.flashscore.com,2026-01-03T13:12:16.539152,2026-01-03T13:12:16.539152,1,active
18914dd9dbf91f01c691ee4e573e0c02,https://www.flashscore.com/match/football/brickfield-rangers-fZRbKIIg/guilsfield-pvz6EAEN/?mid=dQpEhBs3,Brickfield v Guilsfield LIVE 03/01/2026 | Football - Flashscore,www.flashscore.com,2026-01-03T13:12:46.120985,2026-01-03T13:12:46.120985,1,active
15b452208f00e4bb6a3c6334ea7b57b4,https://www.flashscore.com/match/football/as-dgssie-lndSP8WR/us-de-moursal-lAAYjK6l/?mid=6gi34d3e,As Dgssie v USM LIVE 03/01/2026 | Football - Flashscore,www.flashscore.com,2026-01-03T13:12:53.679526,2026-01-03T13:12:53.679526,1,active
ad2c8a91a040171a2d1a82a9a513ae03,https://www.flashscore.com/match/football/barry-town-lv21mqLr/connahs-q-ncsr4F0I/?mid=tAxRvawI,Connahs Q. v Barry LIVE 03/01/2026 | Football - Flashscore,www.flashscore.com,2026-01-03T13:12:54.948572,2026-01-03T13:12:54.948572,1,active
d1d2cf0dd67edca7990596e01eff9e0b,https://www.flashscore.com/match/football/al-fayha-Meknfpi2/al-kholood-Mqs1WbFK/?mid=roD9G0bl,Al Fayha v Al Kholood LIVE 03/01/2026 | Football - Flashscore,www.flashscore.com,2026-01-03T13:13:22.926140,2026-01-03T13:13:22.926140,1,active
c116fb9e72a9dfc87917f948fd82a932,https://www.flashscore.com/match/football/brighton-2XrRecc3/burnley-z3dmTMMO/?mid=8nBqzFe2,Brighton v Burnley LIVE 03/01/2026 | Football - Flashscore,www.flashscore.com,2026-01-03T13:13:31.284956,2026-01-03T13:13:31.284956,1,active
82d14a5066fb7765b2887028c27426ab,https://www.flashscore.com/match/football/west-ham-Cxq57r8g/wolves-j3Azpf5d/?mid=WtKChrTQ,Wolves v West Ham LIVE 03/01/2026 | Football - Flashscore,www.flashscore.com,2026-01-03T13:13:32.688011,2026-01-03T13:13:32.688011,1,active
39a83e8aad3ef854bb032d55f39bd6d9,https://www.flashscore.com/match/football/ayema-pGgxHKFK/dragons-tCHxw8Xs/?mid=IRuRN8d2,Ayema v Dragons LIVE 03/01/2026 | Football - Flashscore,www.flashscore.com,2026-01-03T13:13:59.310767,2026-01-03T13:13:59.310767,1,active
895bf4a931060596d7c75e881b80ceab,https://www.flashscore.com/match/football/bani-ganse-0r7sAAAQ/cavaliers-r5F6EPzs/?mid=QT0nVj4S,Cavaliers v Bani Ganse LIVE 03/01/2026 | Football - Flashscore,www.flashscore.com,2026-01-03T13:14:11.939959,2026-01-03T13:14:11.939959,1,active
829b0a6f94d1464527e177147a2691ad,https://www.flashscore.com/match/football/dynamo-abomey-hGiehVeH/hodio-lOXJ91kC/?mid=vD2vXCZF,Dynamo Abomey v Hodio LIVE 03/01/2026 | Football - Flashscore,www.flashscore.com,2026-01-03T13:14:19.348702,2026-01-03T13:14:19.348702,1,active
a6ef80cefeba584b654147914c8804d3,https://www.flashscore.com/match/football/espoir-savalou-AXYFAsz6/krake-2TvkehCO/?mid=pEsJPURk,Espoir v Krake LIVE 03/01/2026 | Football - Flashscore,www.flashscore.com,2026-01-03T13:14:40.615271,2026-01-03T13:14:40.615271,1,active
65c6d4416345586a42ab5074d13804fd,https://www.flashscore.com/match/football/js-pob-tjs0Zc1m/loto-2cV8Y2rB/?mid=IcEVYY43,FC Loto v JS Pobe LIVE 03/01/2026 | Football - Flashscore,www.flashscore.com,2026-01-03T13:14:50.232109,2026-01-03T13:14:50.232109,1,active
5759085febf937bd3076d08436df1415,https://www.flashscore.com/match/football/achnas-Y3WRhjAk/ael-limassol-bBTwQWuj/?mid=ry4MAuU7,Achnas v AEL Limassol LIVE 03/01/2026 | Football - Flashscore,www.flashscore.com,2026-01-03T13:14:57.884477,2026-01-03T13:14:57.884477,1,active
d1378da6a624554033ddbf4e48c17ddd,https://www.flashscore.com/match/football/arba-menche-Ac5CGGTq/hawassa-YeJ5rtW6/?mid=ABsE6QkR,Arba Menche v Hawassa LIVE 03/01/2026 | Football - Flashscore,www.flashscore.com,2026-01-03T13:15:19.750431,2026-01-03T13:15:19.750431,1,active
53a2ea5b8b3a68cbc8e26f33b1ea763f,https://www.flashscore.com/match/football/golden-warriors-veBFB0KU/great-ambitions-2kGjH4jg/?mid=MyOU2zRk,Great Ambitions v Golden Warriors LIVE 03/01/2026 | Football - Flashscore,www.flashscore.com,2026-01-03T13:15:22.281163,2026-01-03T13:15:22.281163,1,active
336b0bb14a2dae9fd758d2850d35e323,https://www.flashscore.com/match/football/accra-lions-4lalvds3/na-god-EwTgJO9k/?mid=MNrdlyCd,Na God v Accra Lions LIVE 03/01/2026 | Football - Flashscore,www.flashscore.com,2026-01-03T13:15:36.001354,2026-01-03T13:15:36.001354,1,active
3c81682ee553f27e32bca1d06b58ffe7,https://www.flashscore.com/match/football/ebony-fc-Mu8rJQLt/new-edubiase-WI3ceWbc/?mid=lnSpUOfU,New Edubiase v Ebony FC LIVE 03/01/2026 | Football - Flashscore,www.flashscore.com,2026-01-03T13:15:43.330487,2026-01-03T13:15:43.330487,1,active
69e2f5c1f831c85579482b1b10e65a05,https://www.flashscore.com/match/football/sankara-nationals-fc-8G45creM/tf-exponential-fc-boqpj0md/?mid=nJuUa30s,Sankara Nationals v TF Exponential LIVE 03/01/2026 | Football - Flashscore,www.flashscore.com,2026-01-03T13:16:08.412457,2026-01-03T13:53:52.162682,2,active
52f54f30b4a464bf419ddc5dcbe5bff9,https://www.flashscore.com/match/football/berekum-arsenal-zerOG1jH/vc-warriors-82BceOLD/?mid=GYwe2A15,VC Warriors v Berekum Arsenal LIVE 03/01/2026 | Football - Flashscore,www.flashscore.com,2026-01-03T13:16:08.594532,2026-01-03T13:53:51.957972,2,active
bbc41bb89189049bb559e61fe9ba6b5b,https://www.flashscore.com/match/football/ofi-crete-bTObIPJB/olympiacos-piraeus-hnzvnHPS/?mid=KhJH14zp,Olympiacos Piraeus v OFI Crete LIVE 03/01/2026 | Football - Flashscore,www.flashscore.com,2026-01-03T13:16:17.782081,2026-01-03T13:53:52.014810,2,active
f98a7c1777af29583d1ac9f627948bc3,https://www.flashscore.com/match/football/as-uam-tM4Hgiw8/asfan-KdDQmabI/?mid=Cl3os9Mr,ASFAN v AS UAM LIVE 03/01/2026 | Football - Flashscore,www.flashscore.com,2026-01-03T13:16:32.488798,2026-01-03T13:53:52.043292,2,active
2f4d73fbc7df1fba1b313aee47d2372e,https://www.flashscore.com/match/football/as-garde-nationale-QJK4WRtH/liberte-dIASd0zA/?mid=tUf2wRL7,Liberte v ASGNN LIVE 03/01/2026 | Football - Flashscore,www.flashscore.com,2026-01-03T13:54:47.428315,2026-01-03T13:54:47.428315,1,active
19c82248deafe2e78b05dd36eb743802,https://www.flashscore.com/match/football/espoir-8bhhX7RA/renaissance-hjxMLTIt/?mid=KE6gumie,Espoir v Renaissance LIVE 03/01/2026 | Football - Flashscore,www.flashscore.com,2026-01-03T13:54:47.711269,2026-01-03T13:54:47.711269,1,active
fbcefdcfd5087f098d2158fdbadd2b26,https://www.flashscore.com/match/football/douanes-niamey-zofpZTdb/tagour-Orb4azZ8/?mid=h4MEnVbL,Tagour Provincial Club v Douanes Niamey LIVE 03/01/2026 | Football - Flashscore,www.flashscore.com,2026-01-03T13:54:48.701992,2026-01-03T13:54:48.701992,1,active
6de54838c5a0070133c4d4dbf94f120c,https://www.flashscore.com/match/football/ballymena-Wngt5Qjo/glenavon-Aoh9RRSA/?mid=8dvkPlW0,Ballymena v Glenavon LIVE 03/01/2026 | Football - Flashscore,www.flashscore.com,2026-01-03T13:55:35.854733,2026-01-03T13:55:35.854733,1,active
0918ea78a8486ac0e0611de4b677ea37,https://www.flashscore.com/match/football/carrick-rangers-8rJBTsfo/glentoran-Uax8a0SC/?mid=2eXcNS0D,Carrick Rangers v Glentoran LIVE 03/01/2026 | Football - Flashscore,www.flashscore.com,2026-01-03T13:55:36.216902,2026-01-03T13:55:36.216902,1,active
6f408518b8cff20e90f06f493dba7027,https://www.flashscore.com/match/football/crusaders-pzauSmbb/dungannon-OQcqR7D4/?mid=fkKqoWhK,Crusaders v Dungannon LIVE 03/01/2026 | Football - Flashscore,www.flashscore.com,2026-01-03T13:55:36.981969,2026-01-03T13:55:36.981969,1,active
ac4f2996aee15ece90f43768b0c2278a,https://www.flashscore.com/match/football/cliftonville-rg548Ymb/portadown-Q7HfynXb/?mid=rFhXySF6,Portadown v Cliftonville LIVE 03/01/2026 | Football - Flashscore,www.flashscore.com,2026-01-03T13:56:27.082966,2026-01-03T13:56:27.082966,1,active
0bc203ce66c39627d1335964e76f225a,https://www.flashscore.com/match/football/bangor-fc-l85WT9To/linfield-YiTk9JCq/?mid=Ma4Owlof,Linfield v Bangor FC LIVE 03/01/2026 | Football - Flashscore,www.flashscore.com,2026-01-03T13:56:27.101196,2026-01-03T13:56:27.101196,1,active
ec1c871df22e542b13a5197d87ccfda0,https://www.flashscore.com/match/football/annagh-2cMhBdL7/institute-hfFLQorH/?mid=MZ4W6q54,Annagh v Institute LIVE 03/01/2026 | Football - Flashscore,www.flashscore.com,2026-01-03T13:56:28.360155,2026-01-03T13:56:28.360155,1,active
65e880e9391fbb77e0a03d3eb56f4831,https://www.flashscore.com/match/football/ards-GpvXzQ1B/limavady-hIPsvlmt/?mid=SW7v5NZG,Ards v Limavady LIVE 03/01/2026 | Football - Flashscore,www.flashscore.com,2026-01-03T13:57:18.093082,2026-01-03T13:57:18.093082,1,active
334c58782dafb4a3bb6668ddb0d6c158,https://www.flashscore.com/match/football/armagh-nqBvMS2a/harland-wolff-4z47nPvH/?mid=nLKCnFJk,H&W Welders v Armagh LIVE 03/01/2026 | Football - Flashscore,www.flashscore.com,2026-01-03T13:57:18.240193,2026-01-03T13:57:18.240193,1,active
2c2c92baae64abac606686a8d3951e36,https://www.flashscore.com/match/football/ballinamallard-CCXuZ3WN/loughgall-Aq1bgyzt/?mid=foOKpgl2,Loughgall v Ballinamallard LIVE 03/01/2026 | Football - Flashscore,www.flashscore.com,2026-01-03T13:57:19.126611,2026-01-03T13:57:19.126611,1,active
6babd2fe8dca2f7319568e9121168959,https://www.flashscore.com/match/football/dundela-QiaSVuJ0/newington-fc-l6Q82b2g/?mid=Q7BN85zh,Newington v Dundela LIVE 03/01/2026 | Football - Flashscore,www.flashscore.com,2026-01-03T13:58:03.103937,2026-01-03T13:58:03.103937,1,active
438b042ad86d0b8988529ef377926dde,https://www.flashscore.com/match/football/amora-xhGi5Usp/cf-os-belenenses-SKFZK1yG/?mid=pMBVOl7j,Os Belenenses v Amora LIVE 03/01/2026 | Football - Flashscore,www.flashscore.com,2026-01-03T13:58:03.198940,2026-01-03T13:58:03.198940,1,active
eb7d7f549f02fe2d3b2d4e15b8fd4966,https://www.flashscore.com/match/football/dundee-fc-hjIyrgaj/dundee-utd-8QEB2FFp/?mid=2HUjPNkA,Dundee Utd v Dundee FC LIVE 03/01/2026 | Football - Flashscore,www.flashscore.com,2026-01-03T13:58:03.976556,2026-01-03T13:58:03.976556,1,active
afe60a6bfbd88a074801468624b87a74,https://www.flashscore.com/match/football/aberdeen-AmdbMiWq/falkirk-nHDF1ZUj/?mid=OWIaN1KM,Falkirk v Aberdeen LIVE 03/01/2026 | Football - Flashscore,www.flashscore.com,2026-01-03T13:58:47.620135,2026-01-03T13:58:47.620135,1,active
7bcbc3c29f74a6333803d229a7331b8b,https://www.flashscore.com/match/football/hearts-0rGrwwNc/livingston-MoYV5dic/?mid=fF9VHurp,Hearts v Livingston LIVE 03/01/2026 | Football - Flashscore,www.flashscore.com,2026-01-03T13:58:47.696703,2026-01-03T13:58:47.696703,1,active
6e444aa1b696f2b52d83715de0bf6dc6,https://www.flashscore.com/match/football/hibernian-f5Fnxcx4/kilmarnock-jX8ezy7G/?mid=js3vGJCd,Kilmarnock v Hibernian LIVE 03/01/2026 | Football - Flashscore,www.flashscore.com,2026-01-03T13:58:48.464859,2026-01-03T13:58:48.464859,1,active
c544649fac398d59abe813165ce0f389,https://www.flashscore.com/match/football/airdrieonians-KWzLBhEq/raith-YJUiAWcR/?mid=Q54ewwED,Airdrieonians v Raith LIVE 03/01/2026 | Football - Flashscore,www.flashscore.com,2026-01-03T13:59:35.045337,2026-01-03T13:59:35.045337,1,active
598225b7a2b82a08ed25b95cc82b2a0a,https://www.flashscore.com/match/football/motherwell-YuW7ZfMM/st-mirren-tAVXZEyT/?mid=ryjQwN43,Motherwell v St. Mirren LIVE 03/01/2026 | Football - Flashscore,www.flashscore.com,2026-01-03T13:59:35.508674,2026-01-03T13:59:35.508674,1,active
1182fe662eb184997911be3dc4893116,https://www.flashscore.com/match/football/morton-0xXZ4G63/partick-d8M05zM9/?mid=O0WLgbbf,Partick Thistle v Morton LIVE 03/01/2026 | Football - Flashscore,www.flashscore.com,2026-01-03T13:59:35.789886,2026-01-03T13:59:35.789886,1,active
f67b855579f54d05f1a1ce4d1a89eb9b,https://www.flashscore.com/match/football/arbroath-prrz4Uze/st-johnstone-ULK83EjM/?mid=KSPUixT6,St Johnstone v Arbroath LIVE 03/01/2026 | Football - Flashscore,www.flashscore.com,2026-01-03T14:00:23.797090,2026-01-03T14:00:23.797090,1,active
e50ad8a315cb2583f44557ba3ac7ed46,https://www.flashscore.com/match/football/east-fife-Y5sGF857/hamilton-4QLusDEd/?mid=jRAZaWXI,Hamilton v East Fife LIVE 03/01/2026 | Football - Flashscore,www.flashscore.com,2026-01-03T14:00:23.933298,2026-01-03T14:00:23.933298,1,active
f077559f06434f0aeac4cf727345fac6,https://www.flashscore.com/match/football/alloa-bNZOACTk/kelty-hearts-UHbVkIde/?mid=25vhIDmm,Kelty Hearts v Alloa LIVE 03/01/2026 | Football - Flashscore,www.flashscore.com,2026-01-03T14:00:24.855953,2026-01-03T14:00:24.855953,1,active
c45ee163e201642d18bcb3ee6dc0d0ec,https://www.flashscore.com/match/football/queen-of-south-zaL44fyG/stenhousemuir-dWY6Y9zr/?mid=rFn0GiIa,Stenhousemuir v Queen of South LIVE 03/01/2026 | Football - Flashscore,www.flashscore.com,2026-01-03T14:00:42.605037,2026-01-03T14:00:42.605037,1,active
8cc74365139835d536fc82e8a0e016a4,https://www.flashscore.com/match/football/clyde-rJHaVYqp/forfar-athletic-QmryvWCK/?mid=IPnQtAAL,CLY - FOR | Clyde v Forfar Athletic LIVE 03/01/2026 | Football - Flashscore | Summary,www.flashscore.com,2026-01-03T14:01:13.112142,2026-01-03T14:01:13.112142,1,active
986e75008d64e3a126c56741f0bfcf1e,https://www.flashscore.com/match/football/dumbarton-S6Xv3lj1/spartans-tGIU5Y1p/?mid=Cn8ae9PE,Spartans v Dumbarton LIVE 03/01/2026 | Football - Flashscore,www.flashscore.com,2026-01-03T14:01:14.798840,2026-01-03T14:01:14.798840,1,active
077b1165847cc8c0e911ad12381cc84e,https://www.flashscore.com/match/football/edinburgh-city-nFG30cQH/stranraer-vudJXTkl/?mid=dvQCX5X7,Stranraer v Edinburgh City LIVE 03/01/2026 | Football - Flashscore,www.flashscore.com,2026-01-03T14:01:15.672196,2026-01-03T14:01:15.672196,1,active
03ee888ae2ff6b769a5deadfb4b655ad,https://www.flashscore.com/match/football/atl-madrid-beO74ziJ/tarazona-t8OpHDUh/?mid=r9T8uxhg,Atl. Madrid B v Tarazona LIVE 03/01/2026 | Football - Flashscore,www.flashscore.com,2026-01-03T14:01:32.849359,2026-01-03T14:01:32.849359,1,active
60ce1579218b982e44c573b344894d3b,https://www.flashscore.com/match/football/barracuda-MF0mezSF/gbohloe-su-ny0MwHAe/?mid=dhLNasCr,Barracuda v Gbohloe-Su LIVE 03/01/2026 | Football - Flashscore,www.flashscore.com,2026-01-03T14:02:10.705199,2026-01-03T14:02:10.705199,1,active
9f6e9a6e2652bf77f671653868cf848f,https://www.flashscore.com/match/football/dynamic-togolais-j5H4W5qD/etoile-filante-pzmVPwZc/?mid=jiG9hQ4F,Etoile Filante v Dynamic Togolais LIVE 03/01/2026 | Football - Flashscore,www.flashscore.com,2026-01-03T14:02:10.719969,2026-01-03T14:02:10.719969,1,active
20f49ed84461519b4cd6d396fdd00e3a,https://www.flashscore.com/match/football/gimnastic-de-tarragona-WSv960Hk/torremolinos-AB8XRSBQ/?mid=YJaUHgHq,Torremolinos v Gimnastic LIVE 03/01/2026 | Football - Flashscore,www.flashscore.com,2026-01-03T14:02:10.894358,2026-01-03T14:02:10.894358,1,active
fd558cd9bb935546448ea5e419ed3bf2,https://www.flashscore.com/match/football/ath-bilbao-IP5zl0cJ/osasuna-ETdxjU8a/?mid=WUoduIHF,Osasuna v Ath Bilbao LIVE 03/01/2026 | Football - Flashscore,www.flashscore.com,2026-01-03T14:02:21.618026,2026-01-03T14:02:21.618026,1,active
1f208002225fe230e9720fbca014e346,https://www.flashscore.com/match/football/floriana-hKIRewt8/marsaxlokk-6LJg5A2T/?mid=xzZden03,Floriana v Marsaxlokk LIVE 03/01/2026 | Football - Flashscore,www.flashscore.com,2026-01-03T14:03:01.025826,2026-01-03T14:03:01.025826,1,active
d747a4164a818a917051b6a50fbc8798,https://www.flashscore.com/match/football/almeria-nF2Vy2D0/granada-cf-EXuxl1xP/?mid=Awd2YpMq,Almeria v Granada CF LIVE 03/01/2026 | Football - Flashscore,www.flashscore.com,2026-01-03T14:03:01.140139,2026-01-03T14:03:01.140139,1,active
a0c3f450bf8ef1227ef1ad393034a3e0,https://www.flashscore.com/match/football/castellon-QyHHzdwl/huesca-UytPaaEP/?mid=QXbGskac,Castellon v Huesca LIVE 03/01/2026 | Football - Flashscore,www.flashscore.com,2026-01-03T14:03:02.216811,2026-01-03T14:03:02.216811,1,active
61f5388737598ed300667434a80262bd,https://www.flashscore.com/match/football/h-beer-sheva-EXAD1YZP/sakhnin-jHv2BXr7/?mid=pQuGPIU9,Sakhnin v H. Beer Sheva LIVE 03/01/2026 | Football - Flashscore,www.flashscore.com,2026-01-03T14:03:12.024496,2026-01-03T14:03:12.024496,1,active
1de80c0b285d1b834f892a50c7ef768d,https://www.flashscore.com/match/football/gudja-fL7ONd6B/hibernians-hWUCnRM1/?mid=dGDNtmoA,Hibernians v Gudja LIVE 03/01/2026 | Football - Flashscore,www.flashscore.com,2026-01-03T14:03:53.567378,2026-01-03T14:03:53.567378,1,active
acab2d23f942d25e381742f42ff226ad,https://www.flashscore.com/match/football/ghajnsielem-pMtbSRu6/tarxien-I5Y7y9fg/?mid=KIQDi4aS,Tarxien v Ghajnsielem LIVE 03/01/2026 | Football - Flashscore,www.flashscore.com,2026-01-03T14:03:56.037552,2026-01-03T14:03:56.037552,1,active
b78dea273fbfaa50691a1b5aa67f89c6,https://www.flashscore.com/match/football/arouca-fJqfm7CG/tondela-nFFgCnVo/?mid=zDXM0j1c,Tondela v Arouca LIVE 03/01/2026 | Football - Flashscore,www.flashscore.com,2026-01-03T14:04:05.870620,2026-01-03T14:04:05.870620,1,active
df0584a820480321ecf8b206349f131e,https://www.flashscore.com/match/football/pontevedra-tpBOiyM5/racing-club-ferrol-zcgwCMgS/?mid=SGsVKHBs,Pontevedra v Racing Club Ferrol LIVE 03/01/2026 | Football - Flashscore,www.flashscore.com,2026-01-03T14:04:43.625463,2026-01-03T14:04:43.625463,1,active
962cec8da60cc37761e2efcac123edd3,https://www.flashscore.com/match/football/antequera-UTX26rhg/teruel-MTXvQWhD/?mid=0WzPwyv3,Teruel v Antequera LIVE 03/01/2026 | Football - Flashscore,www.flashscore.com,2026-01-03T14:05:19.857997,2026-01-03T14:05:19.857997,1,active
5231cbd453927dda2ee1a388a8500eb7,https://www.flashscore.com/match/football/al-jazira-WUREBBlh/shabab-al-ahli-dubai-EiQ5g3JL/?mid=CA41G5kt,Al Jazira v Shabab Al-Ahli Dubai LIVE 03/01/2026 | Football - Flashscore,www.flashscore.com,2026-01-03T14:05:52.973533,2026-01-03T14:05:52.973533,1,active
49b4dca70d9bcf3d2c48377a8968e6bc,https://www.flashscore.com/match/football/al-nahda-zySRrs5p/sur-club-fRoavPcE/?mid=hW2EVZd4,Sur Club v Al Nahda LIVE 03/01/2026 | Football - Flashscore,www.flashscore.com,2026-01-03T14:06:25.569940,2026-01-03T14:06:25.569940,1,active
d1a0a98dfb466291a39918c93f443ca8,https://www.flashscore.com/match/football/senegal-hOIsJLJr/sudan-OGhP26xH/?mid=UoNS6WpC,Senegal v Sudan LIVE 03/01/2026 | Football - Flashscore,www.flashscore.com,2026-01-03T14:09:49.747438,2026-01-03T14:09:49.747438,1,active
079b4bc6f0b8458df5659b7b834bf988,https://www.flashscore.com/match/football/lyon-2akflumR/monaco-2PIvr8o4/?mid=SKuh0xtR,Monaco v Lyon LIVE 03/01/2026 | Football - Flashscore,www.flashscore.com,2026-01-03T14:10:32.861795,2026-01-03T14:10:32.861795,1,active
127262384921d54ece781d8ca2cbd162,https://www.flashscore.com/match/football/al-riffa-x0Smg25p/malkia-pr7cceRr/?mid=hQB7trLh,Al Riffa v Malkia LIVE 03/01/2026 | Football - Flashscore,www.flashscore.com,2026-01-03T14:10:33.157512,2026-01-03T14:10:33.157512,1,active
48546756ef4fc8acb62322aef0e7ccf7,https://www.flashscore.com/match/football/bandeirante-CGTL4Tuk/tuna-luso-xnc1HSLk/?mid=vqq0yC8r,Bandeirante U20 v Tuna Luso U20 LIVE 03/01/2026 | Football - Flashscore,www.flashscore.com,2026-01-03T14:11:14.613596,2026-01-03T14:11:14.613596,1,active
dd969e2bd2188d5c1f8fbfcf7692b669,https://www.flashscore.com/match/football/ca-juventus-vqvG7lgb/fc-cascavel-SlvcPckr/?mid=8OzHXT77,CA Juventus U20 v Cascavel U20 LIVE 03/01/2026 | Football - Flashscore,www.flashscore.com,2026-01-03T14:11:16.208023,2026-01-03T14:11:16.208023,1,active
cb08cd538dc339536bdce5984b4bde8a,https://www.flashscore.com/match/football/flamengo-sp-G81TIzWm/rio-branco-es-6kA2DWY0/?mid=n9n8Zkwe,Flamengo SP U20 v Rio Branco ES U20 LIVE 03/01/2026 | Football - Flashscore,www.flashscore.com,2026-01-03T14:11:54.928129,2026-01-03T14:11:54.928129,1,active
1a057125e2fb1f602f8bbd5b420e9c21,https://www.flashscore.com/match/football/alagoinhas-dbyrATid/santa-fe-sp-ljI38BNp/?mid=CUSJetfc,Santa Fe SP U20 v Alagoinhas U20 LIVE 03/01/2026 | Football - Flashscore,www.flashscore.com,2026-01-03T14:11:55.579203,2026-01-03T14:11:55.579203,1,active
fb9fe392006562befd7eb48703844b0b,https://www.flashscore.com/match/football/sobradinho-YN4yBV89/tanabi-C2N4nUcl/?mid=prRRgKO9,Tanabi U20 v Sobradinho U20 LIVE 03/01/2026 | Football - Flashscore,www.flashscore.com,2026-01-03T14:12:32.601510,2026-01-03T14:12:32.601510,1,active
49e1de3afd53eae781f64a63d0dc6591,https://www.flashscore.com/match/football/apoel-OKJwmfm3/paralimni-fDXNgWfq/?mid=G2s3NIDD,APOEL v Paralimni LIVE 03/01/2026 | Football - Flashscore,www.flashscore.com,2026-01-03T14:12:33.196427,2026-01-03T14:12:33.196427,1,active
dc427fe1127c8a7f1ede92015872c647,https://www.flashscore.com/match/football/bst-galaxy-KEK2YAxH/gambia-ports-vRPwpQWC/?mid=lMWwjX57,GAM - BST | Gambia Ports v BST Galaxy LIVE 03/01/2026 | Football - Flashscore | Summary,www.flashscore.com,2026-01-03T14:13:06.065642,2026-01-03T14:13:06.065642,1,active
e86da0cbfb62a27f9088da961379eec5,https://www.flashscore.com/match/football/hart-academy-djCMPcxA/steve-biko-4bh0n8Xm/?mid=ARHYBESQ,Steve Biko v Hart Academy LIVE 03/01/2026 | Football - Flashscore,www.flashscore.com,2026-01-03T14:13:16.061141,2026-01-03T14:13:16.061141,1,active
a10081f705b4bd1ea9e2ba6dcc067be7,https://www.flashscore.com/match/football/falcons-thPMEwli/hawks-CMfpwOyI/?mid=GSOPDzbE,Hawks v Falcons LIVE 03/01/2026 | Football - Flashscore,www.flashscore.com,2026-01-03T14:13:16.082044,2026-01-03T14:13:16.082044,1,active
953ceabb2760a4173ee5082e58bb84ec,https://www.flashscore.com/match/football/brikama-united-A91mzOvH/tmt-h2Toxgwh/?mid=6c346hjl,TMT v Brikama U. LIVE 03/01/2026 | Football - Flashscore,www.flashscore.com,2026-01-03T14:13:39.334985,2026-01-03T14:13:39.334985,1,active
0ee92459670a184190807f354c4400b3,https://www.flashscore.com/match/football/asfag-xpM6rU9K/hafia-n5dj8STB/?mid=lGuwY9BU,ASFAG v Hafia LIVE 03/01/2026 | Football - Flashscore,www.flashscore.com,2026-01-03T14:13:59.947598,2026-01-03T14:13:59.947598,1,active
56ad356dbfafc0ae5cfc93df30431e41,https://www.flashscore.com/match/football/foot-elite-IPwzmuAU/usfas-bamako-Y1KHxbeg/?mid=Isvn7D9b,Foot Elite v USFAS Bamako LIVE 03/01/2026 | Football - Flashscore,www.flashscore.com,2026-01-03T14:14:08.060128,2026-01-03T14:14:08.060128,1,active
676e998201d4955731371c0502eb04c3,https://www.flashscore.com/match/football/binga-neuJuAnR/real-bamako-CCHpwr2G/?mid=CtXf5ivB,Real Bamako v Binga LIVE 03/01/2026 | Football - Flashscore,www.flashscore.com,2026-01-03T14:14:32.782792,2026-01-03T14:14:32.782792,1,active
a07aa3b212e0f8e7dd040012d306a3bf,https://www.flashscore.com/match/football/bai-bureh-warriors-bBAvbmPp/freetown-city-fcfc-bXS712K2/?mid=jmEWguJj,Bai Bureh Warriors v Freetown City LIVE 03/01/2026 | Football - Flashscore,www.flashscore.com,2026-01-03T14:14:44.691171,2026-01-03T14:14:44.691171,1,active
1b29c077b1fef46da2f782928af28d2c,https://www.flashscore.com/match/football/kallon-tWTpVd2P/old-edwardians-6cWFatkF/?mid=Ig6IHrBc,Old Edwardians v Kallon LIVE 03/01/2026 | Football - Flashscore,www.flashscore.com,2026-01-03T14:14:52.498714,2026-01-03T14:14:52.498714,1,active
eefade94139cdb7bb1071ffc41a1fce2,https://www.flashscore.com/match/football/east-end-lions-SCub9E46/ports-authority-COk4QLWS/?mid=Ug1b8vYq,Ports Authority v East End Lions LIVE 03/01/2026 | Football - Flashscore,www.flashscore.com,2026-01-03T14:15:15.330478,2026-01-03T14:15:15.330478,1,active
37c2abd5a5b559d59c6be6dcc7976f90,https://www.flashscore.com/match/football/hapoel-petah-tikva-0Q2H9Ccm/maccabi-bnei-raina-GGDwMfj9/?mid=UkquO5g5,Hapoel Petah Tikva v Maccabi Bnei Raina LIVE 03/01/2026 | Football - Flashscore,www.flashscore.com,2026-01-03T14:15:28.204940,2026-01-03T14:15:28.204940,1,active
cca809db18d6dec921ce057f48f5e1a3,https://www.flashscore.com/match/football/ironi-tiberias-EsnkB6qC/netanya-raBlviD6/?mid=zBnmIzNq,Ironi Tiberias v Netanya LIVE 03/01/2026 | Football - Flashscore,www.flashscore.com,2026-01-03T14:15:37.732237,2026-01-03T14:15:37.732237,1,active
8fb6cca872e20a48df2b6886dd8e41a1,https://www.flashscore.com/match/football/lecco-IsxHSx6l/ospitaletto-SfaJmg0R/?mid=EsJVHGde,Ospitaletto v Lecco LIVE 03/01/2026 | Football - Flashscore,www.flashscore.com,2026-01-03T14:16:04.199179,2026-01-03T14:16:04.199179,1,active
f94e4e8577fe83434112e8bc3f47f3de,https://www.flashscore.com/match/football/pro-patria-z7SoCKCQ/pro-vercelli-KjGeTD9G/?mid=bVhZyxlR,Pro Vercelli v Pro Patria LIVE 03/01/2026 | Football - Flashscore,www.flashscore.com,2026-01-03T14:16:13.428802,2026-01-03T14:16:13.428802,1,active
738407cf32f12b73b7f10216bdf10ac5,https://www.flashscore.com/match/football/pergolettese-pvWU6W5U/renate-6TuwAQGc/?mid=xG4QwbJE,Renate v Pergolettese LIVE 03/01/2026 | Football - Flashscore,www.flashscore.com,2026-01-03T14:16:25.030515,2026-01-03T14:16:25.030515,1,active
b6fecb8d239c4975fe5714213c97855a,https://www.flashscore.com/match/football/arezzo-r5DdTIZC/forli-fc-EF2WpDTI/?mid=tlkLHVoD,Forli v Arezzo LIVE 03/01/2026 | Football - Flashscore,www.flashscore.com,2026-01-03T14:16:32.038786,2026-01-03T14:16:32.038786,1,active
7913ae0d2ec41b1c34da348d69f1ee60,https://www.flashscore.com/match/football/audace-cerignola-WtT3GZCk/picerno-Ee7aFeEG/?mid=4WXu3Ccm,PIC - ACE | Picerno v Audace Cerignola LIVE 03/01/2026 | Football - Flashscore | Summary,www.flashscore.com,2026-01-03T14:16:52.490857,2026-01-03T14:16:52.490857,1,active
65ddb7d690885f54cef12bac17514fa8,https://www.flashscore.com/match/football/apr-Y9dt9cjl/bugesera-SKx51sGI/?mid=Wt8mXRb3,APR v Bugesera LIVE 03/01/2026 | Football - Flashscore,www.flashscore.com,2026-01-03T14:17:18.374039,2026-01-03T14:17:18.374039,1,active
96a3f88cbfa43854beb22dfb89c2de41,https://www.flashscore.com/match/football/juventus-C06aJvIB/lecce-G8lYsMgU/?mid=vgSy129r,Juventus v Lecce LIVE 03/01/2026 | Football - Flashscore,www.flashscore.com,2026-01-03T14:17:27.623009,2026-01-03T14:17:27.623009,1,active
4749a888c1cdb4e11f1079e5c22903a6,https://www.flashscore.com/match/football/team-france-WjLkrHP8/team-italy-hpYNTHAF/?mid=IPlFtBVO,Team Italy v Team France LIVE 03/01/2026 | Football - Flashscore,www.flashscore.com,2026-01-03T14:17:29.366547,2026-01-03T14:17:29.366547,1,active
626e414e4b4685f3648e7c8bc18ce451,https://www.flashscore.com/match/football/akritas-chloraka-trCLzEsJ/omonia-GSLWiAPe/?mid=n9ADC1ae,Chloraka v Omonia LIVE 03/01/2026 | Football - Flashscore,www.flashscore.com,2026-01-03T14:17:53.361353,2026-01-03T14:17:53.361353,1,active
219198437c2467dd055d0fae1c2444e1,https://www.flashscore.com/match/football/arsenal-hA1Zm19f/bournemouth-OtpNdwrc/?mid=0M7yxyRk,Bournemouth v Arsenal LIVE 03/01/2026 | Football - Flashscore,www.flashscore.com,2026-01-03T14:18:14.216417,2026-01-03T14:18:14.216417,1,active
3355c91430cd368fa7a0fbc23d894d89,https://www.flashscore.com/match/football/elche-4jl02tPF/villarreal-lUatW5jE/?mid=bHmlsvm3,Elche v Villarreal LIVE 03/01/2026 | Football - Flashscore,www.flashscore.com,2026-01-03T14:18:22.639514,2026-01-03T14:18:22.639514,1,active
f6e008adcbecc822def7ba2da2446d20,https://www.flashscore.com/match/football/caldas-sc-Gr9tN9OA/mafra-IPOO94UA/?mid=ljQaUAqT,Mafra v Caldas LIVE 03/01/2026 | Football - Flashscore,www.flashscore.com,2026-01-03T14:18:40.958645,2026-01-03T14:18:40.958645,1,active
fd41997859db611c2fdba398b8a7b08c,https://www.flashscore.com/match/football/al-ittihad-QmsyAjWh/al-taawon-WjJkJilj/?mid=2FJ8PesJ,Al Ittihad v Al Taawon LIVE 03/01/2026 | Football - Flashscore,www.flashscore.com,2026-01-03T14:19:01.428041,2026-01-03T14:19:01.428041,1,active
5468ab67f70e96b8c46601bfc39b37ee,https://www.flashscore.com/match/football/racing-santander-nVpEwOrl/valladolid-zkpajjvm/?mid=AaXxoO5k,Valladolid v Racing Santander LIVE 03/01/2026 | Football - Flashscore,www.flashscore.com,2026-01-03T14:19:09.852373,2026-01-03T14:19:09.852373,1,active
aa571d70078f6eff47f98db1291aad99,https://www.flashscore.com/match/football/corinthians-vZKd15Gk/trindade-IH1MEr4p/?mid=ELN2eXaE,Corinthians U20 v Trindade U20 LIVE 03/01/2026 | Football - Flashscore,www.flashscore.com,2026-01-03T14:19:24.603817,2026-01-03T14:19:24.603817,1,active
0bbc28a4c6f6844eae24f8fea579f129,https://www.flashscore.com/match/football/barakaldo-fBqFQex0/unionistas-de-salamanca-fmE1l44l/?mid=EDHe6Idl,Barakaldo v Unionistas LIVE 03/01/2026 | Football - Flashscore,www.flashscore.com,2026-01-03T14:19:43.224179,2026-01-03T14:19:43.224179,1,active
bc9311f68e93b28f64a489a8980f6149,https://www.flashscore.com/match/football/ourense-cf-M9KnSe0f/real-aviles-dKc4L5vq/?mid=6sBwHZA6,Ourense CF v Real Aviles LIVE 03/01/2026 | Football - Flashscore,www.flashscore.com,2026-01-03T14:19:51.733764,2026-01-03T14:19:51.733764,1,active
63781d25ad1c7be25ba2b11a44ed1d23,https://www.flashscore.com/match/football/algeciras-lSHMFchs/sevilla-dY03Jvn2/?mid=ImmcJoyi,Algeciras v Sevilla FC B LIVE 03/01/2026 | Football - Flashscore,www.flashscore.com,2026-01-03T14:20:05.675014,2026-01-03T14:20:05.675014,1,active
31521ad551067653d5d061dfb5810e6c,https://www.flashscore.com/match/football/nice-YagoQJpq/strasbourg-nP6UzIU1/?mid=tCX4veJ7,Nice v Strasbourg LIVE 03/01/2026 | Football - Flashscore,www.flashscore.com,2026-01-03T14:20:23.133346,2026-01-03T14:20:23.133346,1,active
c9ce44c4468279ea0685a8777935c81c,https://www.flashscore.com/match/football/team-mexico-69ZXff9E/team-saudi-arabia-EZxtgYwR/?mid=jB8jBMzG,Team Mexico v Team Saudi Arabia LIVE 03/01/2026 | Football - Flashscore,www.flashscore.com,2026-01-03T14:20:32.877668,2026-01-03T14:20:32.877668,1,active
91ed51fc8ac3bba417f6ebfb9326441b,https://www.flashscore.com/match/football/fc-renaissance-fVHSnLKa/new-jack-j5mZpKKH/?mid=lrp7AaSI,FC Renaissance v New Jack LIVE 03/01/2026 | Football - Flashscore,www.flashscore.com,2026-01-03T14:20:49.708487,2026-01-03T14:20:49.708487,1,active
d2499550ea1a71c430db504a28e3c942,https://www.flashscore.com/match/football/sliema-WAHVfceE/swieqi-KnBhE6kN/?mid=G65Fr9Gc,Sliema v Swieqi LIVE 03/01/2026 | Football - Flashscore,www.flashscore.com,2026-01-03T14:21:07.071766,2026-01-03T14:21:07.071766,1,active
e4524a6dcef78e3406f2e6aea4e6ba09,https://www.flashscore.com/match/football/gzira-vNKKFgsl/st-andrews-KzII5UJQ/?mid=bRpxJUvm,St. Andrews v Gzira LIVE 03/01/2026 | Football - Flashscore,www.flashscore.com,2026-01-03T14:21:28.183712,2026-01-03T14:21:28.183712,1,active
332ba08d1afa317633d4bf4a169bd7d9,https://www.flashscore.com/match/football/benfica-zBkyuyRI/estoril-htoKuYZl/?mid=4Wm3pVGG,Benfica v Estoril LIVE 03/01/2026 | Football - Flashscore,www.flashscore.com,2026-01-03T14:27:41.582865,2026-01-03T14:27:41.582865,1,active
e6445cc3a87a45a4b632bfc4db0b168e,https://www.flashscore.com/match/football/braga-dpUer7ht/estrela-da-amadora-hrYABE5k/?mid=rwyVbUV9,Estrela v Braga LIVE 03/01/2026 | Football - Flashscore,www.flashscore.com,2026-01-03T14:28:10.182474,2026-01-03T14:28:10.182474,1,active
49c70f0085190e4d5e7017cea07c269e,https://www.flashscore.com/match/football/chapecoense-sc-hrjONbUc/volta-redonda-AZvumxAU/?mid=AmHBgBUQ,Chapecoense-SC U20 v Volta Redonda U20 LIVE 03/01/2026 | Football - Flashscore,www.flashscore.com,2026-01-03T14:28:19.040835,2026-01-03T14:28:19.040835,1,active
42aa70d13fce788ba5aad58b3a7dcd59,https://www.flashscore.com/match/football/america-rn-WYrAhEKP/goias-Mio6BoRE/?mid=6J2slkhl,Goias U20 v America RN U20 LIVE 03/01/2026 | Football - Flashscore,www.flashscore.com,2026-01-03T14:28:49.417646,2026-01-03T14:28:49.417646,1,active
322fddecdbc62e916163ebcc3173a1ea,https://www.flashscore.com/match/football/retro-Cjx2QLCo/sao-bento-8Ssg2SDC/?mid=zkip8AqK,Retro U20 v Sao Bento U20 LIVE 03/01/2026 | Football - Flashscore,www.flashscore.com,2026-01-03T14:28:55.928461,2026-01-03T14:28:55.928461,1,active
ba7136e084b3e4a4578096fd8458cebb,https://www.flashscore.com/match/football/botafogo-sp-b5YFEiwe/santa-cruz-r3gIWlZC/?mid=2odjnTM0,Santa Cruz U20 v Botafogo SP U20 LIVE 03/01/2026 | Football - Flashscore,www.flashscore.com,2026-01-03T14:29:26.198589,2026-01-03T14:29:26.198589,1,active
0f0c42b0097d36fbd86b6299971cef14,https://www.flashscore.com/match/football/capivariano-KpUs44Ue/vitoria-OAScnHxJ/?mid=fgEcp7iD,Vitoria U20 v Capivariano U20 LIVE 03/01/2026 | Football - Flashscore,www.flashscore.com,2026-01-03T14:29:33.781585,2026-01-03T14:29:33.781585,1,active
8b69289f9e704abccc75e6cf1ec01e96,https://www.flashscore.com/match/football/mali-jVn5lThB/tunisia-QqZVYk95/?mid=jilu6sfL,Mali v Tunisia LIVE 03/01/2026 | Football - Flashscore,www.flashscore.com,2026-01-03T14:30:03.967129,2026-01-03T14:30:03.967129,1,active
9026e08e5928412e2d64c39657686e62,https://www.flashscore.com/match/football/team-chile-2LWHi3t1/team-netherlands-zZUPksBD/?mid=lAtkJGX0,Team Chile v Team Netherlands LIVE 03/01/2026 | Football - Flashscore,www.flashscore.com,2026-01-03T14:30:09.265512,2026-01-03T14:30:09.265512,1,active
7b610100f10c5d2a1347d27d6ee7bbb1,https://www.flashscore.com/match/football/amiens-sc-lKkBAsxF/nancy-dnIrsS0A/?mid=C4PyeloJ,Amiens v Nancy LIVE 03/01/2026 | Football - Flashscore,www.flashscore.com,2026-01-03T14:30:12.085330,2026-01-03T14:30:12.085330,1,active
75126b37b136d747f604d50e4c1e978c,https://www.flashscore.com/match/football/bastia-AZwK8L6R/grenoble-UgPj1p1N/?mid=Qq7OIiwQ,Bastia v Grenoble LIVE 03/01/2026 | Football - Flashscore,www.flashscore.com,2026-01-03T14:30:50.281057,2026-01-03T14:30:50.281057,1,active
25e81e7f52dabc243b5b7f3b6f2390ee,https://www.flashscore.com/match/football/clermont-IRuMRua1/laval-E1wDrLsJ/?mid=Isn3B9Va,Clermont v Laval LIVE 03/01/2026 | Football - Flashscore,www.flashscore.com,2026-01-03T14:31:24.741792,2026-01-03T14:31:24.741792,1,active
108e429a9d019206af19ac673cb4cb72,https://www.flashscore.com/match/football/boulogne-IL4RHuFr/guingamp-QDfKl36E/?mid=prw8Ox85,Guingamp v Boulogne LIVE 03/01/2026 | Football - Flashscore,www.flashscore.com,2026-01-03T14:31:58.702528,2026-01-03T14:31:58.702528,1,active
198b2d25ac96e3f41a76fb2e14d71425,https://www.flashscore.com/match/football/le-mans-ER0NeOOp/st-etienne-YL2QybFe/?mid=WCzmJ0X8,Le Mans v St Etienne LIVE 03/01/2026 | Football - Flashscore,www.flashscore.com,2026-01-03T14:32:31.812819,2026-01-03T14:32:31.812819,1,active
1001c48a60072f016feedaae756a667d,https://www.flashscore.com/match/football/pau-6NOhR4cm/rodez-0pOdQOCg/?mid=MFhfDV0m,Pau FC v Rodez LIVE 03/01/2026 | Football - Flashscore,www.flashscore.com,2026-01-03T14:33:04.528998,2026-01-03T14:33:04.528998,1,active
9cb2218814e4dcb18b227ae749eea355,https://www.flashscore.com/match/football/annecy-25dB6Eto/reims-tItR6sEf/?mid=zaUC0hHs,Reims v Annecy LIVE 03/01/2026 | Football - Flashscore,www.flashscore.com,2026-01-03T14:33:10.665289,2026-01-03T14:33:10.665289,1,active
ebb920d483b842ed02ef9c99e810636d,https://www.flashscore.com/match/football/pineto-S8fKXrK7/vis-pesaro-pYTSXlNe/?mid=2HI2U8VI,Vis Pesaro v Pineto LIVE 03/01/2026 | Football - Flashscore,www.flashscore.com,2026-01-03T14:33:42.097104,2026-01-03T14:33:42.097104,1,active
289de3a8f09fff65ae975259a2d958f6,https://www.flashscore.com/match/football/cavese-QeTCXvTK/sorrento-WIkum2lg/?mid=WKWeUldn,Cavese v Sorrento LIVE 03/01/2026 | Football - Flashscore,www.flashscore.com,2026-01-03T14:33:49.922672,2026-01-03T14:33:49.922672,1,active
4af01d267b7f01238e5eed78eed74a0a,https://www.flashscore.com/match/football/as-roma-zVqqL0ma/atalanta-8C9JjMXu/?mid=nNNWMOE4,Atalanta v AS Roma LIVE 03/01/2026 | Football - Flashscore,www.flashscore.com,2026-01-03T14:34:19.249817,2026-01-03T14:34:19.249817,1,active
f8ece62a2f977e198f81c013944dff0a,https://www.flashscore.com/match/football/barcelona-SKbpVP5K/espanyol-QFfPdh1J/?mid=rsqUKmW0,Espanyol v Barcelona LIVE 03/01/2026 | Football - Flashscore,www.flashscore.com,2026-01-03T14:34:27.958157,2026-01-03T14:34:27.958157,1,active
372cc53fd762bf411f6edc680c19a908,https://www.flashscore.com/match/football/team-japan-Oj1YI0dc/team-usa-b51ED5KH/?mid=r7zXTXoJ,Team USA v Team Japan LIVE 03/01/2026 | Football - Flashscore,www.flashscore.com,2026-01-03T14:34:57.175376,2026-01-03T14:34:57.175376,1,active
134b2c238d285e9e04d2f04118cbe243,https://www.flashscore.com/match/football/green-city-d2ztuXKa/potters-fc-QXEFpjPc/?mid=WAmCpCbT,Potters v Green City LIVE 03/01/2026 | Football - Flashscore,www.flashscore.com,2026-01-03T14:35:06.303315,2026-01-03T14:35:06.303315,1,active
dad3caeb93c74f267120db4fecf63463,https://www.flashscore.com/match/football/luverdense-EHWE5bel/xv-de-jau-tnHLCYuq/?mid=6XsG2l7s,XV de Jau U20 v Luverdense U20 LIVE 03/01/2026 | Football - Flashscore,www.flashscore.com,2026-01-03T14:35:38.895256,2026-01-03T14:35:38.895256,1,active
48729543d988fbbc9bf6587e965abfbf,https://www.flashscore.com/match/football/burgos-cf-vTxTEFi6/cordoba-CWuejruc/?mid=WhpBWOjd,Cordoba v Burgos CF LIVE 03/01/2026 | Football - Flashscore,www.flashscore.com,2026-01-03T14:36:09.928764,2026-01-03T14:36:09.928764,1,active
e7b658bef414a5e0b2d18f4328b041e4,https://www.flashscore.com/match/football/hercules-EgDgrOO2/sabadell-lnS2YNhJ/?mid=ClLPyfiI,Hercules v Sabadell LIVE 03/01/2026 | Football - Flashscore,www.flashscore.com,2026-01-03T14:36:38.550375,2026-01-03T14:36:38.550375,1,active
ebf6cc2333334502982648e57e4f19da,https://www.flashscore.com/match/football/lille-pfDZL71o/rennes-d2nnj1IE/?mid=ChHOfG3l,Lille v Rennes LIVE 03/01/2026 | Football - Flashscore,www.flashscore.com,2026-01-03T14:36:44.187183,2026-01-03T14:36:44.187183,1,active
a3ad65b3616ede7e5260919b2f794c80,https://www.flashscore.com/match/football/carajas-n5iFLIaP/gremio-prudente-reCJH93l/?mid=2ayP0Syf,Gremio Prudente U20 v Carajas U20 LIVE 03/01/2026 | Football - Flashscore,www.flashscore.com,2026-01-03T14:37:17.681793,2026-01-03T14:37:17.681793,1,active
eb162d91171bc6c5d594b53111ff2f4e,https://www.flashscore.com/match/football/guanabara-city-ziSndZfe/i9-futebol-clube-zFScDW2M/?mid=zDZWb666,I9 Futebol Clube U20 v Guanabara City U20 LIVE 03/01/2026 | Football - Flashscore,www.flashscore.com,2026-01-03T14:37:26.571656,2026-01-03T14:37:26.571656,1,active
58c220cc27fb68ad3c5d2db401379ea8,https://www.flashscore.com/match/football/afs-IZPeUwtM/moreirense-8d9NGt9H/?mid=4I8UVV1N,AFS v Moreirense LIVE 03/01/2026 | Football - Flashscore,www.flashscore.com,2026-01-03T14:37:51.153809,2026-01-03T14:37:51.153809,1,active
17c6fd34f77d60f8bcf2888762a67f5e,https://www.flashscore.com/match/football/portimonense-6ecm9Xlr/sc-farense-0YgpqHGj/?mid=dxTqisGd,SC Farense v Portimonense LIVE 03/01/2026 | Football - Flashscore,www.flashscore.com,2026-01-03T14:37:58.313641,2026-01-03T14:37:58.313641,1,active
dfb9e3d1d48be8fe3a2f8c61c8a26759,https://www.flashscore.com/match/football/inter-moengotapoe-lO4qHnak/notch-SllUFwI7/?mid=vN5QIhOG,Inter Moengotapoe v Notch LIVE 03/01/2026 | Football - Flashscore,www.flashscore.com,2026-01-03T14:38:28.950523,2026-01-03T14:38:28.950523,1,active
101ab44d349b60de972ab6d0e50138ed,https://www.flashscore.com/match/football/team-brazil-tCii62ef/team-spain-lxea4tQ6/?mid=rPT705Mc,Team Brazil v Team Spain LIVE 03/01/2026 | Football - Flashscore,www.flashscore.com,2026-01-03T14:38:37.080438,2026-01-03T14:38:37.080438,1,active
a25efd22c28f88266064e0ca6bc9c9d8,https://www.flashscore.com/match/football/atletico-pi-O6FGBhEL/comercial-6NNeFEj2/?mid=fFkYdpyJ,Comercial U20 v Atletico-PI U20 LIVE 03/01/2026 | Football - Flashscore,www.flashscore.com,2026-01-03T14:39:01.523239,2026-01-03T14:39:01.523239,1,active
9813db408e5af93443326b0714a4e491,https://www.flashscore.com/match/football/1976-phoenix-fc-8fCmiPJC/sando-0WNyUtSA/?mid=tQQcGAee,1976 Phoenix FC v Sando LIVE 03/01/2026 | Football - Flashscore,www.flashscore.com,2026-01-03T14:39:32.838298,2026-01-03T14:39:32.838298,1,active
529fa6bcd31399260f095f8928306210,https://www.flashscore.com/match/football/la-horquetta-GSC7hOKE/police-neoWDPu4/?mid=nRXlIWQr,La Horquetta v Police LIVE 03/01/2026 | Football - Flashscore,www.flashscore.com,2026-01-03T14:40:06.001941,2026-01-03T14:40:06.001941,1,active
50e07097c019358eed029e13af1e09bf,https://www.flashscore.com/match/football/atletico-san-luis-OYSN90J0/zacatecas-mineros-MwA7wxoa/?mid=KxHY4dLc,Atl. San Luis (Mex) v Zacatecas Mineros (Mex) LIVE 03/01/2026 | Football - Flashscore,www.flashscore.com,2026-01-03T14:40:40.371912,2026-01-03T14:40:40.371912,1,active
653bd81ee341fd5f9e7e8e32fedff552,https://www.flashscore.com/match/football/club-leon-l0iuHPBQ/necaxa-nw32pOQD/?mid=0QB9wqQi,Club Leon (Mex) v Necaxa (Mex) LIVE 03/01/2026 | Football - Flashscore,www.flashscore.com,2026-01-03T14:41:06.770214,2026-01-03T14:41:06.770214,1,active
a896cf51f43c7627f17fb69f948bd26f,https://www.flashscore.com/match/football/assisense-4nWoKpjC/naviraiense-EZ0OcNno/?mid=MLsKKmTP,Assisense U20 v Naviraiense U20 LIVE 03/01/2026 | Football - Flashscore,www.flashscore.com,2026-01-03T14:41:33.752815,2026-01-03T14:41:33.752815,1,active
1df3d40852121bf9f6ca165c4d72f901,https://www.flashscore.com/match/football/jennings-utd-C6mUkKTh/pigotts-bullets-bVNTm1RO/?mid=2gvrujMj,Pigotts Bullets v Jennings LIVE 03/01/2026 | Football - Flashscore,www.flashscore.com,2026-01-03T14:42:03.334485,2026-01-03T14:42:03.334485,1,active
9b3f974d6daebcd51ff69e9c11d7dffb,https://www.flashscore.com/match/football/garden-stars-hUTlwBkC/grenades-8zMmcunS/?mid=rkHU2gEc,Garden Stars v Grenades LIVE 04/01/2026 | Football - Flashscore,www.flashscore.com,2026-01-03T14:53:14.021570,2026-01-03T14:53:14.021570,1,active
c52661868676218efae2141848c38a8a,https://www.flashscore.com/match/football/athletic-club-zwPkmuzp/guarani-tKx5QT48/?mid=SMnYR4zg,Athletic Club U20 v Guarani U20 LIVE 04/01/2026 | Football - Flashscore,www.flashscore.com,2026-01-03T14:53:14.678237,2026-01-03T14:53:14.678237,1,active
52727995915a0850baf4ecd936c70ca4,https://www.flashscore.com/match/football/defence-force-O6NoLMzb/san-juan-jabloteh-YVsjO558/?mid=tS5HzusA,San Juan Jabloteh v Defence Force LIVE 04/01/2026 | Football - Flashscore,www.flashscore.com,2026-01-03T14:53:15.735962,2026-01-03T14:53:15.735962,1,active
b96ab4e6597f5b853331911ef8a2c080,https://www.flashscore.com/match/football/leones-negros-pGfS9s40/monterrey-Ya23C2Zs/?mid=K6U128PF,Leones Negros (Mex) v Monterrey (Mex) LIVE 04/01/2026 | Football - Flashscore,www.flashscore.com,2026-01-03T14:53:24.083710,2026-01-03T14:53:24.083710,1,active
f92258199aa1eca0cb472e80d4bfaa45,https://www.flashscore.com/match/football/athletico-pr-CYX7TjKC/osasco-sporting-CpQnvbT2/?mid=lxysQr55,Athletico-PR U20 v Osasco Sporting U20 LIVE 04/01/2026 | Football - Flashscore,www.flashscore.com,2026-01-03T14:54:03.255992,2026-01-03T14:54:03.255992,1,active
ab7ec3be5b8e1a91dbe1adf11eb42fb2,https://www.flashscore.com/match/football/barra-fc-fV05cJTc/cruzeiro-esporte-clube-IDRRFocO/?mid=M3llOMZH,Cruzeiro U20 v Barra FC U20 LIVE 04/01/2026 | Football - Flashscore,www.flashscore.com,2026-01-03T14:54:04.952558,2026-01-03T14:54:04.952558,1,active
64dd1ddbdb9aa6844a0ccded804a0d81,https://www.flashscore.com/match/football/atlas-AVOJAt4f/guadalajara-chivas-Y5TaMKY6/?mid=E7nzp09l,Atlas (Mex) v Guadalajara Chivas (Mex) LIVE 04/01/2026 | Football - Flashscore,www.flashscore.com,2026-01-03T14:54:10.911831,2026-01-03T14:54:10.911831,1,active
aad92aa0a3a10c975ed21f06e3e7f6e3,https://www.flashscore.com/match/football/adelaide-KxThvhwg/central-coast-ITESjypc/?mid=dlJqPuoQ,Adelaide W v Central Coast Mariners W LIVE 04/01/2026 | Football - Flashscore,www.flashscore.com,2026-01-03T14:54:12.699718,2026-01-03T14:54:12.699718,1,active
5a7eab9327b47fd6f12fa600bc8f8759,https://www.flashscore.com/match/football/melbourne-city-rBPup6iT/sydney-KAz5fihn/?mid=hK4FJJ8m,Melbourne City W v Sydney W LIVE 04/01/2026 | Football - Flashscore,www.flashscore.com,2026-01-03T14:54:47.368054,2026-01-03T14:54:47.368054,1,active
9fdb6c327d7031122d853d0f17a16332,https://www.flashscore.com/match/football/malut-united-KUGXCpwa/psbs-biak-numfor-n9DO3MV8/?mid=z9smyjQO,Malut United v PSBS Biak Numfor LIVE 04/01/2026 | Football - Flashscore,www.flashscore.com,2026-01-03T14:55:05.298636,2026-01-03T14:55:05.298636,1,active
9bdc92ea072de1c3bc68bc98b1a9158f,https://www.flashscore.com/match/football/persis-solo-KQxLVvz7/persita-d0uFG5mk/?mid=6TkWvYQa,Persis Solo v Persita LIVE 04/01/2026 | Football - Flashscore,www.flashscore.com,2026-01-03T14:55:06.628137,2026-01-03T14:55:06.628137,1,active
00e634ade95735f2fbd126e6eb50ea2d,https://www.flashscore.com/match/football/psim-yogyakarta-0tqnseis/semen-padang-Q3wHWKK0/?mid=SrvuwCeC,PSIM Yogyakarta v Semen Padang LIVE 04/01/2026 | Football - Flashscore,www.flashscore.com,2026-01-03T14:55:13.996971,2026-01-03T14:55:13.996971,1,active
4a5d2f5440a427443208f2c0d423b3cb,https://www.flashscore.com/match/football/adelaide-utd-4AZ2ueHm/central-coast-Wzp1wFWg/?mid=p8KNOSdK,Adelaide United v Central Coast Mariners LIVE 04/01/2026 | Football - Flashscore,www.flashscore.com,2026-01-03T14:55:39.115994,2026-01-03T14:55:39.115994,1,active
ecdfc4c0d7e5cb6bc3bd9deb45fe6278,https://www.flashscore.com/match/football/imigresen-Ghf0ihRI/kuala-lumpur-city-re2YdYmN/?mid=SAxGeaME,Kuala Lumpur City v Imigresen LIVE 04/01/2026 | Football - Flashscore,www.flashscore.com,2026-01-03T14:55:52.071797,2026-01-03T14:55:52.071797,1,active
072c64ebb8a9eb780b02722e9f8804c0,https://www.flashscore.com/match/football/mechal-sc-fF7FZEzp/negele-arsi-ketema-fc-Ig4eUKaT/?mid=nF3IF3Ss,Negele Arsi Ketema v Mechal LIVE 04/01/2026 | Football - Flashscore,www.flashscore.com,2026-01-03T14:56:03.407579,2026-01-03T14:56:03.407579,1,active
2d6dbf1b0fcef63342bb669723f94a28,https://www.flashscore.com/match/football/inter-tnmMpaCE/lecce-boEfbzat/?mid=YaLBpxU1,Lecce U20 v Inter U20 LIVE 04/01/2026 | Football - Flashscore,www.flashscore.com,2026-01-03T14:56:11.186890,2026-01-03T14:56:11.186890,1,active
1c9caf8a41db88e8ed6d5996ae297930,https://www.flashscore.com/match/football/mtarfa-MNiaRv7n/pieta-OI18Nast/?mid=OjX4gQUF,Pieta v Mtarfa LIVE 04/01/2026 | Football - Flashscore,www.flashscore.com,2026-01-03T14:56:34.685826,2026-01-03T14:56:34.685826,1,active
59075141ea55fd91c19b9ac0f1dba3d3,https://www.flashscore.com/match/football/life-fc-8QBD04ph/phnom-penh-crown-65FkANOd/?mid=MTJmNEPj,Phnom Penh Crown v Life FC LIVE 04/01/2026 | Football - Flashscore,www.flashscore.com,2026-01-03T14:56:42.859399,2026-01-03T14:56:42.859399,1,active
432da9ca95f2a585cbf5f99f2a777289,https://www.flashscore.com/match/football/svay-rieng-IHTx6E4O/visakha-4YJw843C/?mid=Ak0rqdnA,Svay Rieng v Visakha LIVE 04/01/2026 | Football - Flashscore,www.flashscore.com,2026-01-03T14:56:44.663480,2026-01-03T14:56:44.663480,1,active
ab05e8db9af0797110406b9f56f8f6b1,https://www.flashscore.com/match/football/boeung-ket-MuJGOXzi/tiffy-army-pEK6LYCR/?mid=lzCZpIHc,Tiffy Army v Boeung Ket LIVE 04/01/2026 | Football - Flashscore,www.flashscore.com,2026-01-03T14:57:02.382547,2026-01-03T14:57:02.382547,1,active
0583e88c7e0b3bfa13be039caae37c6b,https://www.flashscore.com/match/football/nairobi-united-6m8PWkft/shabana-YXH9gwV9/?mid=2XSZ0URP,Shabana v Nairobi United LIVE 04/01/2026 | Football - Flashscore,www.flashscore.com,2026-01-03T14:57:30.734300,2026-01-03T14:57:30.734300,1,active
623e4c3bb615b4ae99ff9d88b6283f08,https://www.flashscore.com/match/football/pacos-ferreira-hxT1f5xa/penafiel-lGALDDtR/?mid=6TBweBYR,Penafiel v Pacos Ferreira LIVE 04/01/2026 | Football - Flashscore,www.flashscore.com,2026-01-03T14:57:32.214889,2026-01-03T14:57:32.214889,1,active
6871fabac9377a7c3f9df00c6663635e,https://www.flashscore.com/match/football/academico-viseu-GrRgeTHo/sporting-cp-KKfzlNbq/?mid=4vl5bPNM,Sporting CP B v Academico Viseu LIVE 04/01/2026 | Football - Flashscore,www.flashscore.com,2026-01-03T14:57:52.858055,2026-01-03T14:57:52.858055,1,active
c66ea8d184400dc8a135d5f22631e2a2,https://www.flashscore.com/match/football/ad-marco-09-StiY6qwD/braga-bBgvmsEk/?mid=vmDULXLi,Braga B v AD Marco 09 LIVE 04/01/2026 | Football - Flashscore,www.flashscore.com,2026-01-03T14:58:11.640217,2026-01-03T14:58:11.640217,1,active
5f610836a3b9b6eec5b86ce2711cbdf3,https://www.flashscore.com/match/football/1-dezembro-CIOU9e3Q/santarem-WIUQdLG0/?mid=hOWjWWEG,Santarem v 1 Dezembro LIVE 04/01/2026 | Football - Flashscore,www.flashscore.com,2026-01-03T14:58:18.867283,2026-01-03T14:58:18.867283,1,active
f9fb4e3f96df637ee500b4aa89d6cfb3,https://www.flashscore.com/match/football/trofense-CvPuKVY0/vitoria-guimaraes-M1Eg6VEA/?mid=8tKpIkLG,Trofense v Vitoria Guimaraes B LIVE 04/01/2026 | Football - Flashscore,www.flashscore.com,2026-01-03T14:58:35.061325,2026-01-03T14:58:35.061325,1,active
3c4c338c41b32e1556a7aff2cb240948,https://www.flashscore.com/match/football/cacereno-EXTWwqkE/celta-vigo-GQPCyIeG/?mid=tQ8C2zdD,Cacereno v Celta Vigo B LIVE 04/01/2026 | Football - Flashscore,www.flashscore.com,2026-01-03T14:58:55.384960,2026-01-03T14:58:55.384960,1,active
5cedba793c19a7fdbfae620a4398cdb1,https://www.flashscore.com/match/football/cf-talavera-W0xBI7Xo/guadalajara-WhhSCpFP/?mid=E7EoFDuJ,CF Talavera v Guadalajara LIVE 04/01/2026 | Football - Flashscore,www.flashscore.com,2026-01-03T14:59:03.405524,2026-01-03T14:59:03.405524,1,active
399b9be1a12f15c38c76fdda6d565b8d,https://www.flashscore.com/match/football/hantharwady-united-Q5Dvg8Rl/yadanarbon-2a4xPZ60/?mid=Ot2SDgvh,Yadanarbon v Hantharwady Utd LIVE 07/01/2026 | Football - Flashscore,www.flashscore.com,2026-01-03T21:46:14.403537,2026-01-03T21:46:14.403537,1,active
e1cf7f7bafe7a4be527a1d95f75abaa3,https://www.flashscore.com/match/football/lecce-boEfbzat/sassuolo-t882wE1A/?mid=UeU1KNpQ,Sassuolo U20 v Lecce U20 LIVE 07/01/2026 | Football - Flashscore,www.flashscore.com,2026-01-03T21:46:14.531904,2026-01-03T21:46:14.531904,1,active
8c4a7c0dfad1ea3e316e81a540d7c781,https://www.flashscore.com/match/football/fiorentina-Q9VVMjSi/napoli-l0jeuzXc/?mid=KQQzjKvQ,Fiorentina U20 v Napoli U20 LIVE 07/01/2026 | Football - Flashscore,www.flashscore.com,2026-01-03T21:46:14.913122,2026-01-03T21:46:14.913122,1,active
00e20eb1c0841d5511ff94989971666a,https://www.flashscore.com/match/football/lazio-Sp2nsd2o/verona-KrX7Gyx7/?mid=rs10CDj4,Verona U20 v Lazio U20 LIVE 07/01/2026 | Football - Flashscore,www.flashscore.com,2026-01-03T21:46:15.065321,2026-01-03T21:46:15.065321,1,active
226a7d2032565eaedac49df023a8d451,https://www.flashscore.com/match/football/frosinone-0EYriHMU/juventus-x6Gk5894/?mid=zHchEZLi,Juventus U20 v Frosinone U20 LIVE 07/01/2026 | Football - Flashscore,www.flashscore.com,2026-01-03T21:47:08.273935,2026-01-03T21:47:08.273935,1,active
1b47c6b16817253097121301fd5b5d18,https://www.flashscore.com/match/football/japan-K4AKHlkC/syria-tOCOfG84/?mid=Ms13Pjlg,Japan U23 v Syria U23 LIVE 07/01/2026 | Football - Flashscore,www.flashscore.com,2026-01-03T21:53:09.724679,2026-01-03T21:53:09.724679,1,active
07c3ecaf78d615bebe40559f20e6a671,https://www.flashscore.com/match/football/iran-Us2VHLIq/south-korea-2XDKedgb/?mid=zT7JHanp,South Korea U23 v Iran U23 LIVE 07/01/2026 | Football - Flashscore,www.flashscore.com,2026-01-03T21:53:10.259745,2026-01-03T21:53:10.259745,1,active
d15f5d73e4b0a3fdb96bd4bbfe552f02,https://www.flashscore.com/match/football/nacional-sp-rZk6coW4/portuguesa-santista-O2C82A45/?mid=Myr84pdB,Nacional SP U20 v Portuguesa Santista U20 LIVE 07/01/2026 | Football - Flashscore,www.flashscore.com,2026-01-03T21:53:10.288065,2026-01-03T21:53:10.288065,1,active
e70802a71417d8eebf1325ec1c679f0c,https://www.flashscore.com/match/football/atalanta-G4WDBJRt/cagliari-ju9PNY1N/?mid=6HXS1AcB,Cagliari U20 v Atalanta U20 LIVE 07/01/2026 | Football - Flashscore,www.flashscore.com,2026-01-03T21:53:50.606982,2026-01-03T21:53:50.606982,1,active
119d2e7bf4abed3f29c4b3e804110ae6,https://www.flashscore.com/match/football/al-raed-WfHC8geK/al-ula-OC8T8zk3/?mid=t0TVFsm3,Al Raed v Al-Ula LIVE 07/01/2026 | Football - Flashscore,www.flashscore.com,2026-01-03T21:53:58.326302,2026-01-03T21:53:58.326302,1,active
cc401ba91e524db20caca8a9e46cc2b8,https://www.flashscore.com/match/football/al-zulfi-ruiBiPF5/jeddah-club-CfPZn6fq/?mid=04jqhved,Al Zulfi v Jeddah LIVE 07/01/2026 | Football - Flashscore,www.flashscore.com,2026-01-03T21:53:58.589305,2026-01-03T21:53:58.589305,1,active
135ae7f2367727f02ce505a71607e2de,https://www.flashscore.com/match/football/al-jandal-KYVyZZDD/al-taee-xYXsXyUh/?mid=ERtwELHF,Al Jandal v Al Taee LIVE 07/01/2026 | Football - Flashscore,www.flashscore.com,2026-01-03T21:53:59.577925,2026-01-03T21:53:59.577925,1,active
fbb6a4a4ca1cd8ffe6efc2ca0d79fa9c,https://www.flashscore.com/match/football/al-shabab-MsVAD4Kb/sur-club-fRoavPcE/?mid=4QKWIWhC,Al-Shabab v Sur Club LIVE 07/01/2026 | Football - Flashscore,www.flashscore.com,2026-01-03T21:54:55.318518,2026-01-03T21:54:55.318518,1,active
2993a91a03cfc310f2d10dee036511ce,https://www.flashscore.com/match/football/don-bosco-rgPE61eo/malole-MPeIl2Lh/?mid=4frcMpgU,Malole v Don Bosco LIVE 07/01/2026 | Football - Flashscore,www.flashscore.com,2026-01-03T21:55:05.709258,2026-01-03T21:55:05.709258,1,active
e6499936b2d3607ffbe1d3b1dd534f01,https://www.flashscore.com/match/football/saint-luc-bRDQ07GG/sanga-balende-vPRfquoq/?mid=QaTkcXT9,Saint-Luc v Sanga Balende LIVE 07/01/2026 | Football - Flashscore,www.flashscore.com,2026-01-03T21:55:06.743147,2026-01-03T21:55:06.743147,1,active
8edcbe5ebae416fb6539f474abea539c,https://www.flashscore.com/match/football/leopards-GWtFfl5B/nairobi-united-6m8PWkft/?mid=6P9SAXyh,Nairobi United v Leopards LIVE 07/01/2026 | Football - Flashscore,www.flashscore.com,2026-01-03T21:55:38.629078,2026-01-03T21:55:38.629078,1,active
1b99446f3e583e94d103776669258136,https://www.flashscore.com/match/football/al-afreeki-4UpEbSrS/al-nasr-rDwl5y9p/?mid=EiSrzCko,Al-Afreeki v Al Nasr LIVE 07/01/2026 | Football - Flashscore,www.flashscore.com,2026-01-03T21:55:54.223965,2026-01-03T21:55:54.223965,1,active
92b7ca5093d1540a7e29b5958fb410f4,https://www.flashscore.com/match/football/al-murooj-sc-n3k5t815/wefaq-ajdabiya-bXu6bYOd/?mid=6oFUcFsh,Wefaq Ajdabiya v Al Murooj LIVE 07/01/2026 | Football - Flashscore,www.flashscore.com,2026-01-03T21:56:02.561012,2026-01-03T21:56:02.561012,1,active
60402e24e229762c61265a13ad4f6c1b,https://www.flashscore.com/match/football/bul-612q3z1G/calvary-SzQhQsLe/?mid=xjZReAJP,Calvary v BUL LIVE 07/01/2026 | Football - Flashscore,www.flashscore.com,2026-01-03T21:56:27.773236,2026-01-03T21:56:27.773236,1,active
6c9c1eab68fa028fe8379c56743852d0,https://www.flashscore.com/match/football/kitara-W0aMZOUR/updf-fc-CCz5vQDb/?mid=jB2UAzQM,Kitara v UPDF LIVE 07/01/2026 | Football - Flashscore,www.flashscore.com,2026-01-03T21:56:39.965906,2026-01-03T21:56:39.965906,1,active
dfafa1e1024833a01c2a2d88245eec33,https://www.flashscore.com/match/football/al-wasl-OQuUcn3P/ittihad-kalba-CxR74upk/?mid=nmaQA1JH,Ittihad Kalba v Al Wasl LIVE 07/01/2026 | Football - Flashscore,www.flashscore.com,2026-01-03T21:56:46.829507,2026-01-03T21:56:46.829507,1,active
60009d71fd6360b56fc636612f9c14fb,https://www.flashscore.com/match/football/polonia-bytom-vRn3UqXP/sigma-olomouc-drA4fSL4/?mid=QBwVyMaD,Sigma Olomouc (Cze) v Polonia Bytom (Pol) LIVE 07/01/2026 | Football - Flashscore,www.flashscore.com,2026-01-03T21:57:16.341165,2026-01-03T21:57:16.341165,1,active
4a198864eadf760fc9749ea72544ab15,https://www.flashscore.com/match/football/al-arabi-kuwait-YPvkSNzo/yarmouk-pfvGnj7E/?mid=nRwIROeR,Al Arabi v Yarmouk LIVE 07/01/2026 | Football - Flashscore,www.flashscore.com,2026-01-03T21:57:29.972900,2026-01-03T21:57:29.972900,1,active
8387b390161c8326df731dbe5b8550a9,https://www.flashscore.com/match/football/ancona-pjq9BL0p/francavilla-UsH271za/?mid=CYCJ89vo,Ancona v Francavilla LIVE 07/01/2026 | Football - Flashscore,www.flashscore.com,2026-01-03T21:57:37.529219,2026-01-03T21:57:37.529219,1,active
b2061803d50e71a8ce1ec3b6a3f291a5,https://www.flashscore.com/match/football/club-milano-OdnLMaug/pistoiese-v10H6bJI/?mid=KzYvGinB,Club Milano v Pistoiese LIVE 07/01/2026 | Football - Flashscore,www.flashscore.com,2026-01-03T21:57:51.945235,2026-01-03T21:57:51.945235,1,active
fadc39ab4b29e27ce68a9feb2e06dce2,https://www.flashscore.com/match/football/ac-milan-UTnkO11b/parma-pnUJfhb5/?mid=2c2TBfzJ,AC Milan U20 v Parma U20 LIVE 07/01/2026 | Football - Flashscore,www.flashscore.com,2026-01-03T22:00:29.572000,2026-01-03T22:00:29.572000,1,active
33c768fec29f83d248e234307bba97b4,https://www.flashscore.com/match/football/al-shomooa-QcA5WEUs/shabab-al-ghar-YVLMyjwg/?mid=2D8wdgC4,Shabab Al-Ghar v Al Shomooa LIVE 07/01/2026 | Football - Flashscore,www.flashscore.com,2026-01-03T22:04:11.765313,2026-01-03T22:04:11.765313,1,active
c8b84132d3dea91802beca3da59ce895,https://www.flashscore.com/match/football/lebanon-U10eCbx8/uzbekistan-bJcArLW4/?mid=jeWnNLOM,Uzbekistan U23 v Lebanon U23 LIVE 07/01/2026 | Football - Flashscore,www.flashscore.com,2026-01-03T22:04:24.181789,2026-01-03T22:04:24.181789,1,active
c74af7e4bc39b18344712d38fd25ec54,https://www.flashscore.com/match/football/clube-sociedade-esportiva-QX2eZkv1/internacional-KfH6VBlg/?mid=tQftnxtp,CSE U20 v Internacional U20 LIVE 07/01/2026 | Football - Flashscore,www.flashscore.com,2026-01-03T22:04:35.957696,2026-01-03T22:04:35.957696,1,active
abd91ddb2ca9e0ab7c6fe856d8e4ad1b,https://www.flashscore.com/match/football/ibrachina-U9XR6ghp/santo-andre-KxG30Gcn/?mid=Cr8QIzHL,Ibrachina U20 v Santo Andre U20 LIVE 07/01/2026 | Football - Flashscore,www.flashscore.com,2026-01-03T22:04:43.568772,2026-01-03T22:04:43.568772,1,active
58d097a5e7068cfd6fdeb4b245573e15,https://www.flashscore.com/match/football/as-roma-YF6nYqJ7/monza-tEbXWFBs/?mid=p8ChwseK,AS Roma U20 v Monza U20 LIVE 07/01/2026 | Football - Flashscore,www.flashscore.com,2026-01-03T22:04:58.880196,2026-01-03T22:04:58.880196,1,active
08988a9e0b9add6f5c4d2e27914d8a98,https://www.flashscore.com/match/football/inter-tnmMpaCE/sampdoria-KWvL3Bg9/?mid=I1K6Fw3D,Inter U20 v Sampdoria U19 LIVE 07/01/2026 | Football - Flashscore,www.flashscore.com,2026-01-03T22:05:18.882894,2026-01-03T22:05:18.882894,1,active
3f2a4df778f35646630e3bf8ecd9f5ac,https://www.flashscore.com/match/football/ibri-vZd1OY26/saham-tMWj6OR3/?mid=0hEuHANO,Ibri v Saham LIVE 07/01/2026 | Football - Flashscore,www.flashscore.com,2026-01-03T22:05:26.483607,2026-01-03T22:05:26.483607,1,active
0e0e2afa1e2d677de2aa0f785d415e56,https://www.flashscore.com/match/football/al-ahli-fRXFGNf0/shamal-veL3xJnl/?mid=beYiKtjR,Al Ahli Doha v Shamal LIVE 07/01/2026 | Football - Flashscore,www.flashscore.com,2026-01-03T22:06:16.842429,2026-01-03T22:06:16.842429,1,active
a90a7688f1e9a353a4b59322028be89d,https://www.flashscore.com/match/football/al-nahda-zySRrs5p/dhofar-pjsQ54Cc/?mid=G4lkyE8t,Dhofar v Al Nahda LIVE 07/01/2026 | Football - Flashscore,www.flashscore.com,2026-01-03T22:06:52.146164,2026-01-03T22:06:52.146164,1,active
9947e1a2143aa97b0780265f03583830,https://www.flashscore.com/match/football/bani-ganse-0r7sAAAQ/buffles-du-borgou-tnT04CYC/?mid=Gz16Kf77,Bani Ganse v Buffles du Borgou LIVE 07/01/2026 | Football - Flashscore,www.flashscore.com,2026-01-03T22:07:05.022674,2026-01-03T22:07:05.022674,1,active
66dbbf8d7276a71f5c54ef7c7f73d210,https://www.flashscore.com/match/football/asvo-A7jUvKwQ/damissa-jVIEC35g/?mid=8UmhrbaE,Damissa v ASVO LIVE 07/01/2026 | Football - Flashscore,www.flashscore.com,2026-01-03T22:07:28.296878,2026-01-03T22:07:28.296878,1,active
4acf534311261155713d50d4eb199a77,https://www.flashscore.com/match/football/cavaliers-r5F6EPzs/dragons-tCHxw8Xs/?mid=YVVQNTDa,Dragons v Cavaliers LIVE 07/01/2026 | Football - Flashscore,www.flashscore.com,2026-01-03T22:07:47.026401,2026-01-03T22:07:47.026401,1,active
8e55feb6fbc6430e8d200b31bb930b39,https://www.flashscore.com/match/football/dadje-ULHIBNKa/js-pob-tjs0Zc1m/?mid=foKZL7rC,JS Pobe v Dadje LIVE 07/01/2026 | Football - Flashscore,www.flashscore.com,2026-01-03T22:08:07.832119,2026-01-03T22:08:07.832119,1,active
13cdfc42211515cedd7c2a87b1ce5373,https://www.flashscore.com/match/football/ayema-pGgxHKFK/krake-2TvkehCO/?mid=Q5SIPkqm,Krake v Ayema LIVE 07/01/2026 | Football - Flashscore,www.flashscore.com,2026-01-03T22:08:25.596531,2026-01-03T22:08:25.596531,1,active
d518b056dbdfe32c087330f0e19130aa,https://www.flashscore.com/match/football/achnas-Y3WRhjAk/paralimni-fDXNgWfq/?mid=KA6hnGS6,Achnas v Paralimni LIVE 07/01/2026 | Football - Flashscore,www.flashscore.com,2026-01-03T22:08:47.552279,2026-01-03T22:08:47.552279,1,active
f7d725ed52b872728809f81fcfe8122c,https://www.flashscore.com/match/football/apea-akrotiriou-lnH6CTcS/apoel-OKJwmfm3/?mid=63Oi5yZp,APOEL v Apea Akrotiriou LIVE 07/01/2026 | Football - Flashscore,www.flashscore.com,2026-01-03T22:09:04.307111,2026-01-03T22:09:04.307111,1,active
1ca878f542e530fb0dd3e51dce31914f,https://www.flashscore.com/match/football/akritas-chloraka-trCLzEsJ/pafos-n99DUVW8/?mid=0UFS6lAk,Pafos v Chloraka LIVE 07/01/2026 | Football - Flashscore,www.flashscore.com,2026-01-03T22:11:42.457417,2026-01-03T22:11:42.457417,1,active
07a685073e512b3f66c7b457a61bcff3,https://www.flashscore.com/match/football/asteras-tripolis-KMRQ5buc/ofi-crete-bTObIPJB/?mid=ImgYGz6N,OFI Crete v Asteras Tripolis LIVE 07/01/2026 | Football - Flashscore,www.flashscore.com,2026-01-03T22:11:59.166611,2026-01-03T22:11:59.166611,1,active
76ff51d6a89f8d1dcc939efd1e209678,https://www.flashscore.com/match/football/abia-warriors-OlLhCm2D/plateau-united-8QFGSB43/?mid=Kh1fIyqL,Abia Warriors v Plateau United LIVE 07/01/2026 | Football - Flashscore,www.flashscore.com,2026-01-03T22:15:27.068953,2026-01-03T22:15:27.068953,1,active
1ba8c72830e440b4087b0e217b2f7b20,https://www.flashscore.com/match/football/barau-08vcsotn/niger-tornadoes-l2xyIbkT/?mid=8ULB1Utp,Barau v Niger Tornadoes LIVE 07/01/2026 | Football - Flashscore,www.flashscore.com,2026-01-03T22:15:42.376567,2026-01-03T22:15:42.376567,1,active
3c2e8d7301b1ac7954b9e9621d686e74,https://www.flashscore.com/match/football/bayelsa-united-fasjBzzf/el-kanemi-warriors-d2LNmdTt/?mid=zsc6NB33,El Kanemi v Bayelsa United LIVE 07/01/2026 | Football - Flashscore,www.flashscore.com,2026-01-03T22:16:04.577942,2026-01-03T22:16:04.577942,1,active
73dc3d5aab4f2db98fae92cd015f5339,https://www.flashscore.com/match/football/katsina-utd-hQzztph5/kun-khalifa-ImcxMeb2/?mid=U3Y1Coe2,Katsina Utd v Kun Khalifa LIVE 07/01/2026 | Football - Flashscore,www.flashscore.com,2026-01-03T22:16:26.183902,2026-01-03T22:16:26.183902,1,active
e73e9279644c07560fd486b543a15174,https://www.flashscore.com/match/football/bendel-pxviQfX7/kwara-2VT1zt5c/?mid=W8jFLkYF,Kwara v Bendel LIVE 07/01/2026 | Football - Flashscore,www.flashscore.com,2026-01-03T22:16:45.415877,2026-01-03T22:16:45.415877,1,active
aac5e9778152eaf25b09567af8239928,https://www.flashscore.com/match/football/kano-pillars-8fXi1zgC/nasarawa-united-feNMEUXP/?mid=vwrRCF6r,Nasarawa v Kano Pillars LIVE 07/01/2026 | Football - Flashscore,www.flashscore.com,2026-01-03T22:17:11.345335,2026-01-03T22:17:11.345335,1,active
aa190967889f9a5c5bc7891b870d28ec,https://www.flashscore.com/match/football/rangers-international-KxX6KECj/rivers-united-b1JSz0K3/?mid=O6VgE7Qk,Rangers Int'l v Rivers United LIVE 07/01/2026 | Football - Flashscore,www.flashscore.com,2026-01-03T22:17:33.016002,2026-01-03T22:17:33.016002,1,active
019a87c74fa058352b27ef8c8940e18c,https://www.flashscore.com/match/football/ikorodu-city-KIgj4VpG/remo-stars-zkQvu47B/?mid=4MlNJT2S,Remo Stars v Ikorodu City LIVE 07/01/2026 | Football - Flashscore,www.flashscore.com,2026-01-03T22:18:01.379875,2026-01-03T22:18:01.379875,1,active
5b43cda9e502a543a67f11df699108de,https://www.flashscore.com/match/football/enyimba-international-tW5m7Mbt/shooting-thJIFAIJ/?mid=UqAKa8Bd,Shooting v Enyimba LIVE 07/01/2026 | Football - Flashscore,www.flashscore.com,2026-01-03T22:18:19.589928,2026-01-03T22:18:19.589928,1,active
14b4fb368b516ec41b66980a2237f0b0,https://www.flashscore.com/match/football/warri-wolves-4dauChz4/wikki-tourists-nZg9p86q/?mid=CScnKcE8,Wikki Tourist v Warri Wolves LIVE 07/01/2026 | Football - Flashscore,www.flashscore.com,2026-01-03T22:18:19.940093,2026-01-03T22:18:19.940093,1,active
549854acb95dc28e8e887ea81f61b0c9,https://www.flashscore.com/match/football/al-bataeh-ABf8Ftqg/shabab-al-ahli-dubai-EiQ5g3JL/?mid=rFhZ8ulU,Al Bataeh v Shabab Al-Ahli Dubai LIVE 07/01/2026 | Football - Flashscore,www.flashscore.com,2026-01-03T22:18:39.660457,2026-01-03T22:18:39.660457,1,active
a6dc5c33410049d5a95d1bc34e05d990,https://www.flashscore.com/match/football/al-rustaq-zPZbpN3i/al-seeb-xx8n54PO/?mid=CWsbZiwg,Al Seeb v Al-Rustaq LIVE 07/01/2026 | Football - Flashscore,www.flashscore.com,2026-01-03T22:18:46.346126,2026-01-03T22:18:46.346126,1,active
d46544294b99c10e9ac7f69d6080fecb,https://www.flashscore.com/match/football/ac-guaratingueta-rFBXsXOK/sao-jose-ec-I7amyC9l/?mid=ILni4y2S,AC Guaratingueta U20 v Sao Jose EC U20 LIVE 07/01/2026 | Football - Flashscore,www.flashscore.com,2026-01-03T22:19:11.439740,2026-01-03T22:19:11.439740,1,active
c3d199d960d0d7706fb98f6a82643629,https://www.flashscore.com/match/football/comercial-fc-tiete-bw7I2oOm/piracicaba-2kyHO6y2/?mid=ltez8J23,Comercial FC - Tiete U20 v Piracicaba U20 LIVE 07/01/2026 | Football - Flashscore,www.flashscore.com,2026-01-03T22:19:12.765842,2026-01-03T22:19:12.765842,1,active
77e7fc7f65c451934f74002eaa033332,https://www.flashscore.com/match/football/bragantino-K0CAXRlm/cosmopolitano-YN7WNMGs/?mid=ljblpGAd,Cosmopolitano U20 v RB Bragantino U20 LIVE 07/01/2026 | Football - Flashscore,www.flashscore.com,2026-01-03T22:19:37.792678,2026-01-03T22:19:37.792678,1,active
a146f28eaba27b0ef298c828b532a7d9,https://www.flashscore.com/match/football/itaquaquecetuba-OjiCqeqI/novorizontino-4zmJLO11/?mid=AJRVdgf2,Itaquaquecetuba U20 v Novorizontino U20 LIVE 07/01/2026 | Football - Flashscore,www.flashscore.com,2026-01-03T22:19:45.852687,2026-01-03T22:19:45.852687,1,active
a1a0f78b85a60833a87036fbf6427528,https://www.flashscore.com/match/football/paulinia-fu-vsdMyVfK/portuguesa-EDU0Sglf/?mid=Mggr6cXF,Paulinia FU U20 v Portuguesa U20 LIVE 07/01/2026 | Football - Flashscore,www.flashscore.com,2026-01-03T22:20:05.981255,2026-01-03T22:20:05.981255,1,active
17229b10148dbe1470101c198e69679a,https://www.flashscore.com/match/football/ituano-SMFqF5cI/referencia-nmV5T620/?mid=GGEHKdn9,REF - ITU | Referencia U20 v Ituano U20 LIVE 07/01/2026 | Football - Flashscore | Summary,www.flashscore.com,2026-01-03T22:20:12.052957,2026-01-03T22:20:12.052957,1,active
f50622b0f010e6d49e665ee488bc7b37,https://www.flashscore.com/match/football/centro-olimpico-2y33oHE5/uniao-mogi-hQKx99wM/?mid=l4wNbFPk,Uniao Mogi U20 v Centro Olimpico U20 LIVE 07/01/2026 | Football - Flashscore,www.flashscore.com,2026-01-03T22:20:19.392532,2026-01-03T22:20:19.392532,1,active
0d47a3877a904679bbe4fe439846bf7b,https://www.flashscore.com/match/football/metz-6um4wQbn/strasbourg-j5WywMkQ/?mid=jkZbkuUg,Metz W v Strasbourg W LIVE 07/01/2026 | Football - Flashscore,www.flashscore.com,2026-01-03T22:20:31.423977,2026-01-03T22:20:31.423977,1,active
14392501579c3661edb7ef0a2e8d1f64,https://www.flashscore.com/match/football/dijon-AVMiabqs/reims-Ct88yAMf/?mid=bFx7mJb6,Reims W v Dijon W LIVE 07/01/2026 | Football - Flashscore,www.flashscore.com,2026-01-03T22:20:52.378289,2026-01-03T22:20:52.378289,1,active
db358ca4ecd29cb527185fdb2379cb95,https://www.flashscore.com/match/football/al-qadisiya-xr1Aobs8/al-shabab-jPZEFHkR/?mid=jap9TpRE,Al Shabab v Al Qadisiya LIVE 07/01/2026 | Football - Flashscore,www.flashscore.com,2026-01-03T22:20:52.408184,2026-01-03T22:20:52.408184,1,active
1c83086074e4f20736aa1c993bba8fea,https://www.flashscore.com/match/football/bangu-82lJ5dFF/ferroviario-Y1Eahlv3/?mid=AHd3Oa4s,Ferroviario U20 v Bangu U20 LIVE 07/01/2026 | Football - Flashscore,www.flashscore.com,2026-01-03T22:20:59.679899,2026-01-03T22:20:59.679899,1,active
b7a9e943c5296deba497d65d402c38da,https://www.flashscore.com/match/football/kamboi-eagles-SCKOcKJR/slifa-hUgsI8GG/?mid=QgQZtav9,Kamboi Eagles v SLIFA LIVE 07/01/2026 | Football - Flashscore,www.flashscore.com,2026-01-03T22:21:18.256709,2026-01-03T22:21:18.256709,1,active
cef2155ff056f4975456fbf387a001fa,https://www.flashscore.com/match/football/qatar-GEEuPVTi/united-arab-emirates-88mfeE0h/?mid=rckCNUI5,Qatar U23 v United Arab Emirates U23 LIVE 07/01/2026 | Football - Flashscore,www.flashscore.com,2026-01-03T22:21:51.971501,2026-01-03T22:21:51.971501,1,active
49ad812bbffd44f092c258009e1ecf0a,https://www.flashscore.com/match/football/al-arabi-qatar-ltmcRTII/al-wakra-AFuKpiJt/?mid=fRJNEKDl,Al Wakra v Al Arabi LIVE 07/01/2026 | Football - Flashscore,www.flashscore.com,2026-01-03T22:21:53.009050,2026-01-03T22:21:53.009050,1,active
351aa54f78e6cd3072d2a2831a1d2ef4,https://www.flashscore.com/match/football/casa-x8Kog2Fg/linguere-OQ5eeez7/?mid=rVSbDYzH,Casa v Linguere LIVE 07/01/2026 | Football - Flashscore,www.flashscore.com,2026-01-03T22:22:16.371893,2026-01-03T22:22:16.371893,1,active
1a73c713829af7e9644b7b1c80c22b5a,https://www.flashscore.com/match/football/asc-hlm-Odka8d9n/guediawaye-2uKAc90i/?mid=xb74gDqo,Guediawaye v ASC HLM LIVE 07/01/2026 | Football - Flashscore,www.flashscore.com,2026-01-03T22:22:36.160741,2026-01-03T22:22:36.160741,1,active
25bc32c1497f3f7279275dc0ae8f3969,https://www.flashscore.com/match/football/ajel-tGsc6N6A/mbour-6ytSi0aC/?mid=IDQXbZLN,Mbour v AJEL LIVE 07/01/2026 | Football - Flashscore,www.flashscore.com,2026-01-03T22:22:43.253436,2026-01-03T22:22:43.253436,1,active
37e33c58de7e1ce0dadaca6cef52a432,https://www.flashscore.com/match/football/pikine-AZ263p64/sonacos-IJCHinD6/?mid=z5PjFf64,Pikine v Sonacos LIVE 07/01/2026 | Football - Flashscore,www.flashscore.com,2026-01-03T22:23:09.564207,2026-01-03T22:23:09.564207,1,active
d338c2fc0006d770b4c2e372b186c8c8,https://www.flashscore.com/match/football/ouakam-fqVtfr0m/teungueth-pCgylWda/?mid=AmNP0eiB,Teungueth v Ouakam LIVE 07/01/2026 | Football - Flashscore,www.flashscore.com,2026-01-03T22:23:23.367091,2026-01-03T22:23:23.367091,1,active
67b121aa9f1dbc1030fd6490297dc7c9,https://www.flashscore.com/match/football/as-camberene-4hl4YWvM/us-goree-UydpZh5d/?mid=UifjHGyh,US Goree v AS Camberene LIVE 07/01/2026 | Football - Flashscore,www.flashscore.com,2026-01-03T22:23:30.867482,2026-01-03T22:23:30.867482,1,active
f9115433a3203282c6b53a076eec501c,https://www.flashscore.com/match/football/america-rj-l00DyJET/ferroviaria-UDKvh090/?mid=8EgdDEvq,Ferroviaria U20 v America RJ U20 LIVE 07/01/2026 | Football - Flashscore,www.flashscore.com,2026-01-03T22:24:01.025883,2026-01-03T22:24:01.025883,1,active
98f3c5bb80bf393c1c1f7077f1811180,https://www.flashscore.com/match/football/abi-al-ashar-jkrRRHHf/al-tirsana-ERG37S27/?mid=fLQpfXtH,Al-Tirsana v Abi Al Ashar LIVE 07/01/2026 | Football - Flashscore,www.flashscore.com,2026-01-03T22:24:14.530032,2026-01-03T22:24:14.530032,1,active
8c602c1aaf44629704f40e6f48ec9712,https://www.flashscore.com/match/football/dakar-sacre-coeur-l4rRicnq/wally-daan-OIXxULk5/?mid=lYYG2HMb,Wally Daan v Dakar SC LIVE 07/01/2026 | Football - Flashscore,www.flashscore.com,2026-01-03T22:24:23.232915,2026-01-03T22:24:23.232915,1,active
41d95e32d1eb23bec2534ebda8e78868,https://www.flashscore.com/match/football/lugazi-ziQnnPsF/nec-fc-vXYNKJKR/?mid=KCFifWfk,NEC FC v Lugazi LIVE 07/01/2026 | Football - Flashscore,www.flashscore.com,2026-01-03T22:24:49.256529,2026-01-03T22:24:49.256529,1,active
559de27dca5d6b41568eb55c746d90e4,https://www.flashscore.com/match/football/atalanta-8C9JjMXu/bologna-0M9xNN8N/?mid=Uw5mJ1VQ,Bologna v Atalanta LIVE 07/01/2026 | Football - Flashscore,www.flashscore.com,2026-01-03T22:25:00.581317,2026-01-03T22:25:00.581317,1,active
58eff5d2505e972636f5b7caddac39ed,https://www.flashscore.com/match/football/napoli-69Dxbc61/verona-rJVAIaHo/?mid=KWBhSv8s,Napoli v Verona LIVE 07/01/2026 | Football - Flashscore,www.flashscore.com,2026-01-03T22:25:07.580056,2026-01-03T22:25:07.580056,1,active
cc3d057d105df8d87b65621e9a689704,https://www.flashscore.com/match/football/independente-ap-fiyEz00m/sao-paulo-lWAgyHl2/?mid=4tm5Bh9e,Independente AP U20 v Sao Paulo U20 LIVE 07/01/2026 | Football - Flashscore,www.flashscore.com,2026-01-03T22:25:36.408147,2026-01-03T22:25:36.408147,1,active
48392d20e2819ff6a95e468bcbd968a8,https://www.flashscore.com/match/football/canaa-IHfmxJBc/criciuma-GAECHd3I/?mid=h2FcHrcE,Canaa U20 v Criciuma U20 LIVE 07/01/2026 | Football - Flashscore,www.flashscore.com,2026-01-03T22:25:52.007782,2026-01-03T22:25:52.007782,1,active
bfb70c3d54d40de73e26724277ef9f55,https://www.flashscore.com/match/football/confianca-pb-pv52t5Ak/fortaleza-t0bitb0E/?mid=hQcp8vK0,Confianca PB U20 v Fortaleza U20 LIVE 07/01/2026 | Football - Flashscore,www.flashscore.com,2026-01-03T22:26:00.802866,2026-01-03T22:26:00.802866,1,active
