team_id,team_name,region_league,team_url
UwcWaARL,Wefaq Ajdabiya,LIBYA - PREMIER LEAGUE - ROUND 3,https://www.flashscore.com/team/wefaq-ajdabiya/UwcWaARL/
O86tie4p,Darnes,Unknown,https://www.flashscore.com/team/darnes/O86tie4p/
Sv4ZfUyS,Blessing,Unknown,https://www.flashscore.com/team/blessing/Sv4ZfUyS/
d0ovafZr,Manika,Unknown,https://www.flashscore.com/team/manika/d0ovafZr/
rgPE61eo,Don Bosco,Unknown,https://www.flashscore.com/team/don-bosco/rgPE61eo/
YFwNANXN,Tshinkunku,Unknown,https://www.flashscore.com/team/tshinkunku/YFwNANXN/
bRDQ07GG,Saint-Luc,Unknown,https://www.flashscore.com/team/saint-luc/bRDQ07GG/
IVLgRZlm,Al-Hilal Omdurman,RWANDA - PREMIER LEAGUE,https://www.flashscore.com/team/al-hilal-omdurman/IVLgRZlm/
vFEtMx6M,Ethiopia Nigd Bank,ETHIOPIA - PREMIER LEAGUE - ROUND 13,https://www.flashscore.com/team/ethiopia-nigd-bank/vFEtMx6M/
27bLOvM3,St. George,ETHIOPIA - PREMIER LEAGUE - ROUND 13,https://www.flashscore.com/team/st.-george/27bLOvM3/
MLk7IOLT,Erbil,IRAQ - STARS LEAGUE - ROUND 9,https://www.flashscore.com/team/erbil/MLk7IOLT/
6ynQ61PT,Newroz,IRAQ - STARS LEAGUE - ROUND 9,https://www.flashscore.com/team/newroz/6ynQ61PT/
YNmI8NfH,Al Kahraba,IRAQ - STARS LEAGUE - ROUND 9,https://www.flashscore.com/team/al-kahraba/YNmI8NfH/
YBFbLqQ4,Al Ain,UNITED ARAB EMIRATES - UAE LEAGUE - ROUND 11,https://www.flashscore.com/team/al-ain/YBFbLqQ4/
U36idyL0,Al-Andalus,LIBYA - PREMIER LEAGUE - ROUND 3,https://www.flashscore.com/team/al-andalus/U36idyL0/
C4WZPen7,Al Taawun,LIBYA - PREMIER LEAGUE - ROUND 3,https://www.flashscore.com/team/al-taawun/C4WZPen7/
GfRkNP95,Al Salmiya,KUWAIT - PREMIER LEAGUE - ROUND 10,https://www.flashscore.com/team/al-salmiya/GfRkNP95/
bPwEeloI,Al Arabi,KUWAIT - PREMIER LEAGUE - ROUND 10,https://www.flashscore.com/team/al-arabi/bPwEeloI/
dChc92jR,Mlandege (Zan),Unknown,https://www.flashscore.com/team/mlandege/dChc92jR/
IPUH0qvc,URA SC (Uga),Unknown,https://www.flashscore.com/team/uganda-revenue/IPUH0qvc/
rBsII9Vm,Al-Khmes,Unknown,https://www.flashscore.com/team/al-khmes/rBsII9Vm/
vaDiTwlJ,Al Qadisiyah,Unknown,https://www.flashscore.com/team/al-qadisiyah/vaDiTwlJ/
lndSP8WR,As Dgssie,Unknown,https://www.flashscore.com/team/as-dgssie/lndSP8WR/
f5K1qMG0,As Dgssie,Unknown,https://www.flashscore.com/team/renaissance/f5K1qMG0/
MepdeKsB,Al Sahel,Unknown,https://www.flashscore.com/team/al-sahel/MepdeKsB/
j5EVs5UB,Burgan,KUWAIT - PREMIER LEAGUE - ROUND 10,https://www.flashscore.com/team/burgan/j5EVs5UB/
KhA7k6SK,Khaitan,Unknown,https://www.flashscore.com/team/al-sulaibikhat/KhA7k6SK/
4KZ0fvcH,Al Sulaibikhat,Unknown,https://www.flashscore.com/team/khaitan/4KZ0fvcH/
ncsr4F0I,Barry,Unknown,https://www.flashscore.com/team/connahs-q/ncsr4F0I/
lGMtZWUH,Bala,Unknown,https://www.flashscore.com/team/tns/lGMtZWUH/
ATasWtPS,Ceramica Cleopatra,EGYPT - LEAGUE CUP - ROUND 4,https://www.flashscore.com/team/ceramica-cleopatra/ATasWtPS/
UP8rEKaA,Pharco,EGYPT - LEAGUE CUP - ROUND 4,https://www.flashscore.com/team/pharco/UP8rEKaA/
Gx9ImdAm,National Bank Egypt,EGYPT - LEAGUE CUP - ROUND 4,https://www.flashscore.com/team/national-bank-egypt/Gx9ImdAm/
0ImETQmG,El Ismaily,EGYPT - LEAGUE CUP - ROUND 4,https://www.flashscore.com/team/el-ismaily/0ImETQmG/
p8YIOGsG,Hohoe United,GHANA - PREMIER LEAGUE - ROUND 17,https://www.flashscore.com/team/hohoe-united/p8YIOGsG/
jsa2ySLq,Medeama,GHANA - PREMIER LEAGUE - ROUND 17,https://www.flashscore.com/team/medeama/jsa2ySLq/
2cMhBdL7,Annagh,Unknown,https://www.flashscore.com/team/annagh/2cMhBdL7/
hIPsvlmt,Limavady,Unknown,https://www.flashscore.com/team/limavady/hIPsvlmt/
QmsyAjWh,Al Ittihad,Unknown,https://www.flashscore.com/team/al-ittihad/QmsyAjWh/
SOrkawEs,Al Nassr,SAUDI ARABIA - SAUDI PROFESSIONAL LEAGUE - ROUND 13,https://www.flashscore.com/team/al-nassr/SOrkawEs/
6ijwNYFs,Al Gharraf,IRAQ - STARS LEAGUE - ROUND 9,https://www.flashscore.com/team/al-gharraf/6ijwNYFs/
hIVZ0V7r,Al-Karma,IRAQ - STARS LEAGUE - ROUND 9,https://www.flashscore.com/team/al-karma/hIVZ0V7r/
QoCjN5eh,Al Mosul,IRAQ - STARS LEAGUE - ROUND 9,https://www.flashscore.com/team/al-mosul/QoCjN5eh/
lOZsM6M4,Al Talaba,IRAQ - STARS LEAGUE - ROUND 9,https://www.flashscore.com/team/al-talaba/lOZsM6M4/
A7YIBlI0,Al Jandal,SAUDI ARABIA - DIVISION 1 - ROUND 14,https://www.flashscore.com/team/al-jandal/A7YIBlI0/
CfPZn6fq,Jeddah,SAUDI ARABIA - DIVISION 1 - ROUND 14,https://www.flashscore.com/team/jeddah/CfPZn6fq/
2FPJM3vI,Al Naser,KUWAIT - PREMIER LEAGUE - ROUND 10,https://www.flashscore.com/team/al-naser/2FPJM3vI/
xr1Aobs8,Al Arabi,KUWAIT - PREMIER LEAGUE - ROUND 10,https://www.flashscore.com/team/al-arabi/xr1Aobs8/
nc87N1BR,Equatorial Guinea,Unknown,https://www.flashscore.com/team/algeria/nc87N1BR/
vN7WWxY0,Algeria,Unknown,https://www.flashscore.com/team/equatorial-guinea/vN7WWxY0/
bJOXzWga,Sudan,Unknown,https://www.flashscore.com/team/burkina-faso/bJOXzWga/
OGhP26xH,Sudan,Unknown,https://www.flashscore.com/team/sudan/OGhP26xH/
Uy4thc4U,Al Borouq,LIBYA - PREMIER LEAGUE - ROUND 3,https://www.flashscore.com/team/al-borouq/Uy4thc4U/
pC8f0aG3,Al-Andalus,LIBYA - PREMIER LEAGUE - ROUND 3,https://www.flashscore.com/team/al-andalus/pC8f0aG3/
nZojyofR,Police,NIGER - SUPER LIGUE - ROUND 12,https://www.flashscore.com/team/police/nZojyofR/
Qw7ITYKI,Tahoua,NIGER - SUPER LIGUE - ROUND 12,https://www.flashscore.com/team/tahoua/Qw7ITYKI/
ClmOlJvf,Al Ahly Tripoli,LIBYA - PREMIER LEAGUE - ROUND 3,https://www.flashscore.com/team/al-ahly-tripoli/ClmOlJvf/
OOYijqVT,Al Malaab El Libby,Unknown,https://www.flashscore.com/team/al-malaab-el-libby/OOYijqVT/
SrpJwYn3,Singida Black Stars (Tan),Unknown,https://www.flashscore.com/team/azam/SrpJwYn3/
jTBgEvMq,Azam (Tan),Unknown,https://www.flashscore.com/team/singida-black-stars/jTBgEvMq/
0Q2H9Ccm,Hapoel Petah Tikva,Unknown,https://www.flashscore.com/team/hapoel-petah-tikva/0Q2H9Ccm/
raBlviD6,Netanya,Unknown,https://www.flashscore.com/team/netanya/raBlviD6/
hxxcePl9,Al Sharjah,UNITED ARAB EMIRATES - UAE LEAGUE - ROUND 11,https://www.flashscore.com/team/al-sharjah/hxxcePl9/
Mqs1WbFK,Al Kholood,Unknown,https://www.flashscore.com/team/al-kholood/Mqs1WbFK/
tvQZtrTd,Al Qadsiah,SAUDI ARABIA - SAUDI PROFESSIONAL LEAGUE - ROUND 13,https://www.flashscore.com/team/al-qadsiah/tvQZtrTd/
Gzqmz0ya,Al Shabab,Unknown,https://www.flashscore.com/team/al-shabab/Gzqmz0ya/
zVucZzyE,Hapoel Tel Aviv,ISRAEL - LIGAT HA'AL - ROUND 16,https://www.flashscore.com/team/hapoel-tel-aviv/zVucZzyE/
U7w6AibD,SC Ashdod,ISRAEL - LIGAT HA'AL - ROUND 16,https://www.flashscore.com/team/sc-ashdod/U7w6AibD/
2BaHDFR2,Maniema,Unknown,https://www.flashscore.com/team/as-maniema/2BaHDFR2/
MRueczhs,Dauphins Noirs,Unknown,https://www.flashscore.com/team/dauphins-noirs/MRueczhs/
EckpUnJ3,Haras El Hodood,EGYPT - LEAGUE CUP - ROUND 4,https://www.flashscore.com/team/haras-el-hodood/EckpUnJ3/
SxS0BA1C,Al Ittihad,EGYPT - LEAGUE CUP - ROUND 4,https://www.flashscore.com/team/al-ittihad/SxS0BA1C/
EXAD1YZP,Sakhnin,Unknown,https://www.flashscore.com/team/h-beer-sheva/EXAD1YZP/
0AphGnil,Hapoel Jerusalem,Unknown,https://www.flashscore.com/team/hapoel-jerusalem/0AphGnil/
YJL8W78U,Gabon,Unknown,https://www.flashscore.com/team/gabon/YJL8W78U/
G2FRjBgn,Ivory Coast,Unknown,https://www.flashscore.com/team/ivory-coast/G2FRjBgn/
zk1uVG2D,Mozambique,Unknown,https://www.flashscore.com/team/cameroon/zk1uVG2D/
2aBNiivt,Cameroon,Unknown,https://www.flashscore.com/team/mozambique/2aBNiivt/
lv21mqLr,Connahs Q.,Unknown,https://www.flashscore.com/team/barry-town/lv21mqLr/
xOUtSVR7,Briton Ferry,WALES - CYMRU PREMIER - ROUND 21,https://www.flashscore.com/team/briton-ferry/xOUtSVR7/
2J7jacL6,Sydney FC,AUSTRALIA - A-LEAGUE - ROUND 11,https://www.flashscore.com/team/sydney-fc/2J7jacL6/
EaZ5xZo0,Newcastle Jets,AUSTRALIA - A-LEAGUE - ROUND 11,https://www.flashscore.com/team/newcastle-jets/EaZ5xZo0/
bL3ChiWQ,Sydney FC,AUSTRALIA - A-LEAGUE - ROUND 11,https://www.flashscore.com/team/sydney-fc/bL3ChiWQ/
l00pXxBN,Sydney FC,AUSTRALIA - A-LEAGUE - ROUND 11,https://www.flashscore.com/team/sydney-fc/l00pXxBN/
6Nl8nagD,Blackburn,Unknown,https://www.flashscore.com/team/blackburn/6Nl8nagD/
IgO7K1ZA,Wrexham,Unknown,https://www.flashscore.com/team/wrexham/IgO7K1ZA/
IBuEcgCq,Colwyn Bay,Unknown,https://www.flashscore.com/team/colwyn-bay/IBuEcgCq/
rDPLzGkF,Flint,Unknown,https://www.flashscore.com/team/flint-town/rDPLzGkF/
KYVyZZDD,Al Orubah,Unknown,https://www.flashscore.com/team/al-jandal/KYVyZZDD/
A3ZAc2rn,Al Jandal,Unknown,https://www.flashscore.com/team/al-orubah/A3ZAc2rn/
xYXsXyUh,Al Taee,Unknown,https://www.flashscore.com/team/al-taee/xYXsXyUh/
ruiBiPF5,Al Zulfi,Unknown,https://www.flashscore.com/team/al-zulfi/ruiBiPF5/
KAtu9Aoa,Sepahan,Unknown,https://www.flashscore.com/team/esteghlal-teh/KAtu9Aoa/
4SV9apYN,Esteghlal F.C.,Unknown,https://www.flashscore.com/team/sepahan/4SV9apYN/
ETw16Txa,Al Minaa,Unknown,https://www.flashscore.com/team/al-minaa/ETw16Txa/
AP8ryJd1,Newroz,Unknown,https://www.flashscore.com/team/newroz/AP8ryJd1/
Wl6D5mh5,Al Najaf,Unknown,https://www.flashscore.com/team/al-naft/Wl6D5mh5/
EDeI477B,Al Naft,Unknown,https://www.flashscore.com/team/al-najaf/EDeI477B/
6TufVlVP,Al Akhdar,Unknown,https://www.flashscore.com/team/al-akhdar/6TufVlVP/
rXJrVaJ6,Ittihad Al Marj,Unknown,https://www.flashscore.com/team/ittihad-al-marj/rXJrVaJ6/
4UpEbSrS,Al-Afreeki,Unknown,https://www.flashscore.com/team/al-afreeki/4UpEbSrS/
bXu6bYOd,Wefaq Ajdabiya,Unknown,https://www.flashscore.com/team/wefaq-ajdabiya/bXu6bYOd/
YZuugooB,Ittihad Gharyan,Unknown,https://www.flashscore.com/team/al-ittihad-misurata/YZuugooB/
zkgc2Aq3,Al Ittihad Misurata,Unknown,https://www.flashscore.com/team/ittihad-gharyan/zkgc2Aq3/
fw6LT2dr,Cambrian United,Unknown,https://www.flashscore.com/team/cambrian-united/fw6LT2dr/
OW46IFQN,Pontypridd,Unknown,https://www.flashscore.com/team/pontypridd-united/OW46IFQN/
0hRd6c1g,Airbus,Unknown,https://www.flashscore.com/team/airbus-uk-broughton-fc/0hRd6c1g/
biWWzDD9,Flint Mountain,Unknown,https://www.flashscore.com/team/flint-mountain/biWWzDD9/
fs066hlE,Buckley,Unknown,https://www.flashscore.com/team/buckley/fs066hlE/
Es9411nk,Mold Alexandra,Unknown,https://www.flashscore.com/team/mold-alexandra/Es9411nk/
jRiH3eoC,Caersws FC,Unknown,https://www.flashscore.com/team/caersws-fc/jRiH3eoC/
Au6LyZpa,Newtown,Unknown,https://www.flashscore.com/team/newtown/Au6LyZpa/
U5V1jgZK,Denbigh,Unknown,https://www.flashscore.com/team/denbigh/U5V1jgZK/
INNUUXsk,Gresford,Unknown,https://www.flashscore.com/team/gresford/INNUUXsk/
S2PADUTT,Holywell,Unknown,https://www.flashscore.com/team/holyhead/S2PADUTT/
0QWr1oIb,Holyhead,Unknown,https://www.flashscore.com/team/holywell-town-fc/0QWr1oIb/
p4Axz2IQ,Rhyl,Unknown,https://www.flashscore.com/team/llandudno-fc/p4Axz2IQ/
UNwow86p,Llandudno,Unknown,https://www.flashscore.com/team/rhyl/UNwow86p/
K4AKHlkC,Jordan U23,Unknown,https://www.flashscore.com/team/japan/K4AKHlkC/
OxxDcngs,Japan U23,Unknown,https://www.flashscore.com/team/jordan/OxxDcngs/
AwRGCvU0,Al-Fahaheel,Unknown,https://www.flashscore.com/team/al-fahaheel/AwRGCvU0/
vmNqd0S4,Al Jahra,Unknown,https://www.flashscore.com/team/al-jahra/vmNqd0S4/
r9hxSIhP,Llanelli,Unknown,https://www.flashscore.com/team/llanelli/r9hxSIhP/
zym4viel,Penybont,Unknown,https://www.flashscore.com/team/penybont/zym4viel/
jLQKgwnm,Aberystwyth,Unknown,https://www.flashscore.com/team/aberystwyth/jLQKgwnm/
tfcgsUrN,Carmarthen Town,Unknown,https://www.flashscore.com/team/carmarthen-town/tfcgsUrN/
WpApD7JG,Al Ittihad,Unknown,https://www.flashscore.com/team/al-ittihad-alexandria/WpApD7JG/
Qk0VR4IS,Zamalek,Unknown,https://www.flashscore.com/team/zamalek/Qk0VR4IS/
EHDG5a4M,Wadi Degla,Unknown,https://www.flashscore.com/team/el-gouna/EHDG5a4M/
8hYMzzVB,El Gouna,Unknown,https://www.flashscore.com/team/wadi-degla/8hYMzzVB/
MahqU27I,Bristol City,Unknown,https://www.flashscore.com/team/bristol-city/MahqU27I/
zckREQFJ,Portsmouth,Unknown,https://www.flashscore.com/team/portsmouth/zckREQFJ/
fXf5mQ7t,Charlton,Unknown,https://www.flashscore.com/team/charlton/fXf5mQ7t/
GOvB22xg,Coventry,Unknown,https://www.flashscore.com/team/coventry/GOvB22xg/
Iug0YO0Q,Derby,Unknown,https://www.flashscore.com/team/derby/Iug0YO0Q/
6F0lvLNC,Middlesbrough,Unknown,https://www.flashscore.com/team/middlesbrough/6F0lvLNC/
S66R0t75,Hull,Unknown,https://www.flashscore.com/team/hull-city/S66R0t75/
hSUajdSS,Stoke,Unknown,https://www.flashscore.com/team/stoke-city/hSUajdSS/
thqhB2MB,Ipswich,Unknown,https://www.flashscore.com/team/ipswich/thqhB2MB/
vgOBT43c,Oxford Utd,Unknown,https://www.flashscore.com/team/oxford-utd/vgOBT43c/
x8IDVcbi,Preston,Unknown,https://www.flashscore.com/team/preston/x8IDVcbi/
llcCvIcG,Sheffield Wed,Unknown,https://www.flashscore.com/team/sheffield-wed/llcCvIcG/
Qo6off6p,QPR,Unknown,https://www.flashscore.com/team/norwich/Qo6off6p/
lrMHUHDc,Norwich,Unknown,https://www.flashscore.com/team/qpr/lrMHUHDc/
6uz2cJBL,Southampton,Unknown,https://www.flashscore.com/team/millwall/6uz2cJBL/
WdKOwxDM,Millwall,Unknown,https://www.flashscore.com/team/southampton/WdKOwxDM/
K6xezbY7,Swansea,Unknown,https://www.flashscore.com/team/swansea/K6xezbY7/
CCBWpzjj,West Brom,Unknown,https://www.flashscore.com/team/west-brom/CCBWpzjj/
SWk4muv7,Watford,Unknown,https://www.flashscore.com/team/birmingham/SWk4muv7/
UmMRoGzp,Birmingham,Unknown,https://www.flashscore.com/team/watford/UmMRoGzp/
Or1bBrWD,Doncaster,Unknown,https://www.flashscore.com/team/bolton/Or1bBrWD/
hlzYDy5q,Bolton,Unknown,https://www.flashscore.com/team/doncaster/hlzYDy5q/
ve14a3l4,Exeter,Unknown,https://www.flashscore.com/team/exeter/ve14a3l4/
SlybbadF,Luton,Unknown,https://www.flashscore.com/team/luton/SlybbadF/
4KREuF43,Leyton Orient,Unknown,https://www.flashscore.com/team/afc-wimbledon/4KREuF43/
KKyYcus9,AFC Wimbledon,Unknown,https://www.flashscore.com/team/leyton-orient/KKyYcus9/
xxxpBZl2,Lincoln,Unknown,https://www.flashscore.com/team/huddersfield/xxxpBZl2/
hrHTRs5B,Huddersfield,Unknown,https://www.flashscore.com/team/lincoln-city/hrHTRs5B/
bsc3EJ27,Mansfield,Unknown,https://www.flashscore.com/team/bradford-city/bsc3EJ27/
t6G9wMZN,Bradford City,Unknown,https://www.flashscore.com/team/mansfield/t6G9wMZN/
l4P6dwRR,Northampton,Unknown,https://www.flashscore.com/team/northampton/l4P6dwRR/
IX6WjNvr,Stockport County,Unknown,https://www.flashscore.com/team/stockport-county/IX6WjNvr/
8EFIJthC,Port Vale,Unknown,https://www.flashscore.com/team/blackpool/8EFIJthC/
U3lM3y4e,Blackpool,Unknown,https://www.flashscore.com/team/port-vale/U3lM3y4e/
nwCtJaJT,Reading,Unknown,https://www.flashscore.com/team/burton/nwCtJaJT/
EmlVDpVP,Burton,Unknown,https://www.flashscore.com/team/reading/EmlVDpVP/
tWeI85kh,Rotherham,Unknown,https://www.flashscore.com/team/peterborough/tWeI85kh/
KMfM7P4b,Peterborough,Unknown,https://www.flashscore.com/team/rotherham/KMfM7P4b/
WpGM6ELj,Stevenage,Unknown,https://www.flashscore.com/team/plymouth/WpGM6ELj/
ANwyQM2M,Plymouth,Unknown,https://www.flashscore.com/team/stevenage/ANwyQM2M/
UNGEKMx6,Wigan,Unknown,https://www.flashscore.com/team/barnsley/UNGEKMx6/
MgHlK2Na,Barnsley,Unknown,https://www.flashscore.com/team/wigan/MgHlK2Na/
hO8wh6aP,Wycombe,Unknown,https://www.flashscore.com/team/cardiff/hO8wh6aP/
hl2V5JIl,Cardiff,Unknown,https://www.flashscore.com/team/wycombe/hl2V5JIl/
4KcaFam1,Barnet,Unknown,https://www.flashscore.com/team/barnet/4KcaFam1/
QVmLl54o,Crawley,Unknown,https://www.flashscore.com/team/crawley-town/QVmLl54o/
KKJL7QXd,Barrow,Unknown,https://www.flashscore.com/team/barrow/KKJL7QXd/
W4AadhN3,Salford,Unknown,https://www.flashscore.com/team/salford/W4AadhN3/
Opdcd08Q,Bromley,Unknown,https://www.flashscore.com/team/bromley/Opdcd08Q/
ChwgcrNJ,Newport,Unknown,https://www.flashscore.com/team/newport/ChwgcrNJ/
lnb8EJRp,Cambridge Utd,Unknown,https://www.flashscore.com/team/cambridge-utd/lnb8EJRp/
YgrfcLuL,Walsall,Unknown,https://www.flashscore.com/team/walsall/YgrfcLuL/
xYu73rNn,Colchester,Unknown,https://www.flashscore.com/team/colchester/xYu73rNn/
f9KDxtkU,MK Dons,Unknown,https://www.flashscore.com/team/milton-keynes-dons/f9KDxtkU/
jizXHcsM,Crewe,Unknown,https://www.flashscore.com/team/cheltenham/jizXHcsM/
YacqHHdS,Cheltenham,Unknown,https://www.flashscore.com/team/crewe/YacqHHdS/
tCZ3D68d,Fleetwood,Unknown,https://www.flashscore.com/team/fleetwood-town/tCZ3D68d/
OEaiS3za,Grimsby,Unknown,https://www.flashscore.com/team/grimsby/OEaiS3za/
CQv5qrFt,Harrogate,Unknown,https://www.flashscore.com/team/harrogate/CQv5qrFt/
jVhkb1QE,Tranmere,Unknown,https://www.flashscore.com/team/tranmere/jVhkb1QE/
6ZvdGuYf,Notts Co,Unknown,https://www.flashscore.com/team/accrington/6ZvdGuYf/
EwJVdqzn,Accrington,Unknown,https://www.flashscore.com/team/notts-county/EwJVdqzn/
dQIMIN5n,Oldham,Unknown,https://www.flashscore.com/team/chesterfield/dQIMIN5n/
O4voiHlk,Chesterfield,Unknown,https://www.flashscore.com/team/oldham/O4voiHlk/
GILi6JC9,Shrewsbury,Unknown,https://www.flashscore.com/team/bristol-rovers/GILi6JC9/
EqfQ6qK4,Bristol Rovers,Unknown,https://www.flashscore.com/team/shrewsbury/EqfQ6qK4/
WvZyDeKk,Swindon,Unknown,https://www.flashscore.com/team/gillingham/WvZyDeKk/
xSloasB8,Gillingham,Unknown,https://www.flashscore.com/team/swindon/xSloasB8/
AsIgIB3d,Al-Faisaly,Unknown,https://www.flashscore.com/team/al-faisaly/AsIgIB3d/
WfHC8geK,Al Raed,Unknown,https://www.flashscore.com/team/al-raed/WfHC8geK/
tGug8k8n,Al Kahraba,Unknown,https://www.flashscore.com/team/al-kahraba/tGug8k8n/
WWdfLQyB,Al Zawraa,Unknown,https://www.flashscore.com/team/al-zawraa/WWdfLQyB/
tCs21SDo,Al-Hidd,Unknown,https://www.flashscore.com/team/al-ahli/tCs21SDo/
GYVW06rb,Al-Ahli Manama,Unknown,https://www.flashscore.com/team/al-hidd/GYVW06rb/
UuQBkaPm,Al Shomooa,Unknown,https://www.flashscore.com/team/al-ittihad/UuQBkaPm/
QcA5WEUs,Al-Ittihad,Unknown,https://www.flashscore.com/team/al-shomooa/QcA5WEUs/
AovF1Mia,Crystal Palace,Unknown,https://www.flashscore.com/team/crystal-palace/AovF1Mia/
69ZiU2Om,Fulham,Unknown,https://www.flashscore.com/team/fulham/69ZiU2Om/
tUxUbLR2,Liverpool,Unknown,https://www.flashscore.com/team/leeds/tUxUbLR2/
lId4TMwf,Leeds,Unknown,https://www.flashscore.com/team/liverpool/lId4TMwf/
KrrdAMyI,Sheffield Utd,Unknown,https://www.flashscore.com/team/leicester/KrrdAMyI/
MeKPSerA,Leicester,Unknown,https://www.flashscore.com/team/sheffield-utd/MeKPSerA/
Q79lCRYM,El Ismaily,Unknown,https://www.flashscore.com/team/el-ismaily/Q79lCRYM/
KCzFp0OB,Modern Sport,Unknown,https://www.flashscore.com/team/modern-sport/KCzFp0OB/
t2BgeFT0,Beitar Jerusalem,Unknown,https://www.flashscore.com/team/beitar-jerusalem/t2BgeFT0/
jigstDrf,Hapoel Tel Aviv,Unknown,https://www.flashscore.com/team/hapoel-tel-aviv/jigstDrf/
xYe7DwID,Brentford,Unknown,https://www.flashscore.com/team/brentford/xYe7DwID/
UDg08Ohm,Tottenham,Unknown,https://www.flashscore.com/team/tottenham/UDg08Ohm/
Wtn9Stg0,Sunderland,Unknown,https://www.flashscore.com/team/manchester-city/Wtn9Stg0/
WSzc94ws,Manchester City,Unknown,https://www.flashscore.com/team/sunderland/WSzc94ws/
AZJexZFC,Treasure Beach,Unknown,https://www.flashscore.com/team/chapelton/AZJexZFC/
ETwdWBmB,Chapelton,Unknown,https://www.flashscore.com/team/treasure-beach/ETwdWBmB/
CzgD4yW5,Penybont,WALES - CYMRU PREMIER - ROUND 21,https://www.flashscore.com/team/penybont/CzgD4yW5/
Qmtn3ZFO,Llanelli,WALES - CYMRU PREMIER - ROUND 21,https://www.flashscore.com/team/llanelli/Qmtn3ZFO/
6HZvZjrM,Kinmel Bay,WALES - CYMRU PREMIER - ROUND 21,https://www.flashscore.com/team/kinmel-bay/6HZvZjrM/
zkXT6GcR,Cardiff Metropolitan,WALES - CYMRU PREMIER - ROUND 21,https://www.flashscore.com/team/cardiff-metropolitan/zkXT6GcR/
Wzp1wFWg,Sydney FC,AUSTRALIA - A-LEAGUE - ROUND 11,https://www.flashscore.com/team/sydney-fc/Wzp1wFWg/
Ctp2DG8J,Wellington Phoenix,Unknown,https://www.flashscore.com/team/wellington-phoenix/Ctp2DG8J/
SSr7kDGC,Brisbane Roar,Unknown,https://www.flashscore.com/team/brisbane-roar/SSr7kDGC/
4AZ2ueHm,Adelaide United,AUSTRALIA - A-LEAGUE - ROUND 11,https://www.flashscore.com/team/adelaide-united/4AZ2ueHm/
Qql6CzOP,Sydney FC,AUSTRALIA - A-LEAGUE - ROUND 11,https://www.flashscore.com/team/sydney-fc/Qql6CzOP/
bwmQTWpm,Auckland FC,AUSTRALIA - A-LEAGUE - ROUND 11,https://www.flashscore.com/team/auckland-fc/bwmQTWpm/
6JsBlXVI,Sydney FC,Unknown,https://www.flashscore.com/team/sydney-fc/6JsBlXVI/
OKfoGJBe,Melbourne City,Unknown,https://www.flashscore.com/team/melbourne-city/OKfoGJBe/
hjY9yg16,Perth Glory,AUSTRALIA - A-LEAGUE - ROUND 11,https://www.flashscore.com/team/perth-glory/hjY9yg16/
WSLjVBLN,Beijing Guoan,AUSTRALIA - A-LEAGUE - ROUND 11,https://www.flashscore.com/team/beijing-guoan/WSLjVBLN/
MizqYhMB,Tai Po,AUSTRALIA - A-LEAGUE - ROUND 11,https://www.flashscore.com/team/tai-po/MizqYhMB/
tnHa1drt,Macarthur FC,AUSTRALIA - A-LEAGUE - ROUND 11,https://www.flashscore.com/team/macarthur-fc/tnHa1drt/
4W9bSa0b,Sepahan,IRAN - PERSIAN GULF PRO LEAGUE - ROUND 10,https://www.flashscore.com/team/sepahan/4W9bSa0b/
0Y0GrDaG,Esteghlal F.C.,IRAN - PERSIAN GULF PRO LEAGUE - ROUND 10,https://www.flashscore.com/team/esteghlal-f.c./0Y0GrDaG/
dndyOmSm,Foolad,IRAN - PERSIAN GULF PRO LEAGUE - ROUND 10,https://www.flashscore.com/team/foolad/dndyOmSm/
tSKMsunB,Esteghlal F.C.,IRAN - PERSIAN GULF PRO LEAGUE - ROUND 10,https://www.flashscore.com/team/esteghlal-f.c./tSKMsunB/
veJmN7sf,Sepahan,IRAN - PERSIAN GULF PRO LEAGUE - ROUND 10,https://www.flashscore.com/team/sepahan/veJmN7sf/
jNQqs6qN,Mes Rafsanjan,IRAN - PERSIAN GULF PRO LEAGUE - ROUND 10,https://www.flashscore.com/team/mes-rafsanjan/jNQqs6qN/
j9mK0B3Q,Sepahan,IRAN - PERSIAN GULF PRO LEAGUE - ROUND 10,https://www.flashscore.com/team/sepahan/j9mK0B3Q/
b7KrS94Q,Mes Kerman,IRAN - PERSIAN GULF PRO LEAGUE - ROUND 10,https://www.flashscore.com/team/mes-kerman/b7KrS94Q/
lxQKBOvs,Sepahan,IRAN - PERSIAN GULF PRO LEAGUE - ROUND 10,https://www.flashscore.com/team/sepahan/lxQKBOvs/
2sxLj7ro,Sepahan,IRAN - PERSIAN GULF PRO LEAGUE - ROUND 10,https://www.flashscore.com/team/sepahan/2sxLj7ro/
vi9YQ6UT,Gol Gohar,IRAN - PERSIAN GULF PRO LEAGUE - ROUND 10,https://www.flashscore.com/team/gol-gohar/vi9YQ6UT/
lWodcOsN,Al Khalidiyah,Unknown,https://www.flashscore.com/team/al-muharraq/lWodcOsN/
phMeLoC6,Malavan,IRAN - PERSIAN GULF PRO LEAGUE - ROUND 10,https://www.flashscore.com/team/malavan/phMeLoC6/
KzfvmgGd,Esteghlal F.C.,IRAN - PERSIAN GULF PRO LEAGUE - ROUND 10,https://www.flashscore.com/team/esteghlal-f.c./KzfvmgGd/
OQuUcn3P,Al Wahda,Unknown,https://www.flashscore.com/team/al-wasl/OQuUcn3P/
8AXf5OHP,Padyab,IRAN - PERSIAN GULF PRO LEAGUE - ROUND 10,https://www.flashscore.com/team/padyab/8AXf5OHP/
dGsh4eOj,Al-Muharraq,BAHRAIN - PREMIER LEAGUE - ROUND 10,https://www.flashscore.com/team/al-muharraq/dGsh4eOj/
lnEqnhJf,Abha,SAUDI ARABIA - DIVISION 1 - ROUND 14,https://www.flashscore.com/team/abha/lnEqnhJf/
IiU3CHMA,Al Jabalain,SAUDI ARABIA - DIVISION 1 - ROUND 14,https://www.flashscore.com/team/al-jabalain/IiU3CHMA/
tIq6HsLN,Al Raed,SAUDI ARABIA - DIVISION 1 - ROUND 14,https://www.flashscore.com/team/al-raed/tIq6HsLN/
fqHipWm7,Al Wehda,SAUDI ARABIA - DIVISION 1 - ROUND 14,https://www.flashscore.com/team/al-wehda/fqHipWm7/
8f20POYF,Al Arabi,SAUDI ARABIA - DIVISION 1 - ROUND 14,https://www.flashscore.com/team/al-arabi/8f20POYF/
OC8T8zk3,Al-Faisaly,SAUDI ARABIA - DIVISION 1 - ROUND 14,https://www.flashscore.com/team/al-faisaly/OC8T8zk3/
r1tdCVJC,Al Jubail,SAUDI ARABIA - DIVISION 1 - ROUND 14,https://www.flashscore.com/team/al-jubail/r1tdCVJC/
URqHJiim,Al Raed,SAUDI ARABIA - DIVISION 1 - ROUND 14,https://www.flashscore.com/team/al-raed/URqHJiim/
rTsOwLSH,Al-Faisaly,SAUDI ARABIA - DIVISION 1 - ROUND 14,https://www.flashscore.com/team/al-faisaly/rTsOwLSH/
hnItl5OL,Al Ahli SC,SAUDI ARABIA - SAUDI PROFESSIONAL LEAGUE - ROUND 13,https://www.flashscore.com/team/al-ahli-sc/hnItl5OL/
2VIId41o,Al-Qassim,IRAQ - STARS LEAGUE - ROUND 9,https://www.flashscore.com/team/al-qassim/2VIId41o/
OUyZDrUp,Diyala,IRAQ - STARS LEAGUE - ROUND 9,https://www.flashscore.com/team/diyala/OUyZDrUp/
0Ygn4oxO,Al Zawraa,IRAQ - STARS LEAGUE - ROUND 9,https://www.flashscore.com/team/al-zawraa/0Ygn4oxO/
bBCXxS6o,Al Naft,IRAQ - STARS LEAGUE - ROUND 9,https://www.flashscore.com/team/al-naft/bBCXxS6o/
QgdbKpiH,Baghdad,IRAQ - STARS LEAGUE - ROUND 9,https://www.flashscore.com/team/baghdad/QgdbKpiH/
84r5OlNu,Al Ahli SC,SAUDI ARABIA - SAUDI PROFESSIONAL LEAGUE - ROUND 13,https://www.flashscore.com/team/al-ahli-sc/84r5OlNu/
KQ0ty6yb,Al Naft,IRAQ - STARS LEAGUE - ROUND 9,https://www.flashscore.com/team/al-naft/KQ0ty6yb/
S6IZ7lYf,Al Tahaddi,Unknown,https://www.flashscore.com/team/khaleej-sirte/S6IZ7lYf/
GIbqT9BI,Al Akhdar,LIBYA - PREMIER LEAGUE - ROUND 3,https://www.flashscore.com/team/al-akhdar/GIbqT9BI/
Iw5jr76r,Asswehly,LIBYA - PREMIER LEAGUE - ROUND 3,https://www.flashscore.com/team/asswehly/Iw5jr76r/
ruPS27js,Al-Andalus,LIBYA - PREMIER LEAGUE - ROUND 3,https://www.flashscore.com/team/al-andalus/ruPS27js/
rDwl5y9p,Al-Andalus,Unknown,https://www.flashscore.com/team/al-nasr/rDwl5y9p/
0jdrFzPe,Al Nasr,Unknown,https://www.flashscore.com/team/al-andalus/0jdrFzPe/
vyV9dHtN,Khaleej Sirte,Unknown,https://www.flashscore.com/team/al-tahaddi/vyV9dHtN/
hK0G35R9,Al Ansar,LIBYA - PREMIER LEAGUE - ROUND 3,https://www.flashscore.com/team/al-ansar/hK0G35R9/
IR6wGG9k,Wefaq Ajdabiya,LIBYA - PREMIER LEAGUE - ROUND 3,https://www.flashscore.com/team/wefaq-ajdabiya/IR6wGG9k/
ERG37S27,Al-Tirsana,Unknown,https://www.flashscore.com/team/al-tirsana/ERG37S27/
YVLMyjwg,Shabab Al-Ghar,Unknown,https://www.flashscore.com/team/shabab-al-ghar/YVLMyjwg/
OSrIbTOD,Al-Majd,LIBYA - PREMIER LEAGUE - ROUND 3,https://www.flashscore.com/team/al-majd/OSrIbTOD/
v7GATwmr,Abi Al Ashar,LIBYA - PREMIER LEAGUE - ROUND 3,https://www.flashscore.com/team/abi-al-ashar/v7GATwmr/
nLouPzT3,Ynyshir Albions,Unknown,https://www.flashscore.com/team/ynyshir-albions/nLouPzT3/
CKHq8vfg,Ammanford,Unknown,https://www.flashscore.com/team/ammanford-town/CKHq8vfg/
hzAq4Yah,Caerau Ely,Unknown,https://www.flashscore.com/team/caerau-ely/hzAq4Yah/
veMNg5Y3,Cardiff Draconians,Unknown,https://www.flashscore.com/team/cardiff-draconians/veMNg5Y3/
OELAnACL,Trethomas Bluebirds,Unknown,https://www.flashscore.com/team/newport-city/OELAnACL/
SljkUvhG,Newport City,Unknown,https://www.flashscore.com/team/trethomas-bluebirds/SljkUvhG/
K84M4JUB,Treowen,Unknown,https://www.flashscore.com/team/treowen/K84M4JUB/
lxWLpBaU,Afan Lido,WALES - CYMRU SOUTH - ROUND 18,https://www.flashscore.com/team/afan-lido/lxWLpBaU/
Kxaa5wpB,Cwmbran Celtic,Unknown,https://www.flashscore.com/team/cwmbran-celtic/Kxaa5wpB/
Sh4unlDI,Cardiff Draconians,WALES - CYMRU SOUTH - ROUND 18,https://www.flashscore.com/team/cardiff-draconians/Sh4unlDI/
QBpqOfrA,Pontypridd,WALES - CYMRU SOUTH - ROUND 18,https://www.flashscore.com/team/pontypridd/QBpqOfrA/
nstciZJE,Penrhyncoch,WALES - CYMRU NORTH - ROUND 18,https://www.flashscore.com/team/penrhyncoch/nstciZJE/
zDIxzDFB,Porthmadog,WALES - CYMRU NORTH - ROUND 18,https://www.flashscore.com/team/porthmadog/zDIxzDFB/
fkrwZAJm,Ruthin,WALES - CYMRU NORTH - ROUND 18,https://www.flashscore.com/team/ruthin/fkrwZAJm/
hvsBikwr,Jordan U23,WORLD - FRIENDLY INTERNATIONAL,https://www.flashscore.com/team/jordan-u23/hvsBikwr/
tOCOfG84,Syria U23,WORLD - FRIENDLY INTERNATIONAL,https://www.flashscore.com/team/syria-u23/tOCOfG84/
88mfeE0h,Jordan U23,WORLD - FRIENDLY INTERNATIONAL,https://www.flashscore.com/team/jordan-u23/88mfeE0h/
MLoIuR80,Turkmenistan U23,WORLD - FRIENDLY INTERNATIONAL,https://www.flashscore.com/team/turkmenistan-u23/MLoIuR80/
AJneqrm2,Chinese Taipei U23,WORLD - FRIENDLY INTERNATIONAL,https://www.flashscore.com/team/chinese-taipei-u23/AJneqrm2/
hrWEef5I,Jordan U23,WORLD - FRIENDLY INTERNATIONAL,https://www.flashscore.com/team/jordan-u23/hrWEef5I/
8xqGeiBO,Jordan U23,WORLD - FRIENDLY INTERNATIONAL,https://www.flashscore.com/team/jordan-u23/8xqGeiBO/
YPYOUEU6,Kuwait U23,WORLD - FRIENDLY INTERNATIONAL,https://www.flashscore.com/team/kuwait-u23/YPYOUEU6/
noryneB3,Japan U23,WORLD - FRIENDLY INTERNATIONAL,https://www.flashscore.com/team/japan-u23/noryneB3/
003qTi07,Japan U23,WORLD - FRIENDLY INTERNATIONAL,https://www.flashscore.com/team/japan-u23/003qTi07/
bJcArLW4,Uzbekistan U23,WORLD - FRIENDLY INTERNATIONAL,https://www.flashscore.com/team/uzbekistan-u23/bJcArLW4/
ULvtOuns,Japan U23,WORLD - FRIENDLY INTERNATIONAL,https://www.flashscore.com/team/japan-u23/ULvtOuns/
Ym2SWsO1,France U23,WORLD - FRIENDLY INTERNATIONAL,https://www.flashscore.com/team/france-u23/Ym2SWsO1/
ENMJDKnM,Japan U23,WORLD - FRIENDLY INTERNATIONAL,https://www.flashscore.com/team/japan-u23/ENMJDKnM/
6H4JTV2m,Japan U23,WORLD - FRIENDLY INTERNATIONAL,https://www.flashscore.com/team/japan-u23/6H4JTV2m/
GEEuPVTi,Japan U23,WORLD - FRIENDLY INTERNATIONAL,https://www.flashscore.com/team/japan-u23/GEEuPVTi/
Gpq5lPbJ,Bangor 1876,WALES - CYMRU NORTH - ROUND 18,https://www.flashscore.com/team/bangor-1876/Gpq5lPbJ/
fZRbKIIg,Brickfield,Unknown,https://www.flashscore.com/team/brickfield-rangers/fZRbKIIg/
ALBeaIq0,Rhostyllen,WALES - CYMRU NORTH - ROUND 18,https://www.flashscore.com/team/rhostyllen/ALBeaIq0/
pvz6EAEN,Guilsfield,Unknown,https://www.flashscore.com/team/guilsfield/pvz6EAEN/
lxEn765o,Kahrabaa Ismailia,EGYPT - LEAGUE CUP - ROUND 4,https://www.flashscore.com/team/kahrabaa-ismailia/lxEn765o/
t6WUYDaO,El Ismaily,EGYPT - LEAGUE CUP - ROUND 4,https://www.flashscore.com/team/el-ismaily/t6WUYDaO/
4b8hBolT,Al Masry,LIBYA - PREMIER LEAGUE - ROUND 3,https://www.flashscore.com/team/al-masry/4b8hBolT/
zyHMiDZ6,El Ismaily,EGYPT - LEAGUE CUP - ROUND 4,https://www.flashscore.com/team/el-ismaily/zyHMiDZ6/
EPsYDm4A,Al Ahly,ALGERIA - LIGUE 1 - ROUND 6,https://www.flashscore.com/team/al-ahly/EPsYDm4A/
hAgPF9Zc,Modern Sport,EGYPT - LEAGUE CUP - ROUND 4,https://www.flashscore.com/team/modern-sport/hAgPF9Zc/
4t3wxbUl,Zamalek,EGYPT - LEAGUE CUP - ROUND 4,https://www.flashscore.com/team/zamalek/4t3wxbUl/
fFZ2CGx0,Kaizer Chiefs,EGYPT - LEAGUE CUP - ROUND 4,https://www.flashscore.com/team/kaizer-chiefs/fFZ2CGx0/
0f5FgmUG,ZESCO,EGYPT - LEAGUE CUP - ROUND 4,https://www.flashscore.com/team/zesco/0f5FgmUG/
rRAQSp3M,El Gaish,EGYPT - LEAGUE CUP - ROUND 4,https://www.flashscore.com/team/el-gaish/rRAQSp3M/
OK2GCrXj,TNS,Unknown,https://www.flashscore.com/team/bala/OK2GCrXj/
SvESL5I7,Al Kuwait,BANGLADESH - BFL - ROUND 9,https://www.flashscore.com/team/al-kuwait/SvESL5I7/
OOQFNqPB,Al Tadamon,Unknown,https://www.flashscore.com/team/al-tadamon/OOQFNqPB/
jPZEFHkR,Al Arabi,Unknown,https://www.flashscore.com/team/al-shabab/jPZEFHkR/
YPvkSNzo,Al Shabab,Unknown,https://www.flashscore.com/team/al-arabi-kuwait/YPvkSNzo/
W0hTETl4,El Gouna,EGYPT - LEAGUE CUP - ROUND 4,https://www.flashscore.com/team/el-gouna/W0hTETl4/
dUzTIwSF,Reading,ENGLAND - LEAGUE ONE - ROUND 24,https://www.flashscore.com/team/reading/dUzTIwSF/
6kTu5zUd,Brackley Town,ENGLAND - LEAGUE ONE - ROUND 24,https://www.flashscore.com/team/brackley-town/6kTu5zUd/
4fGZN2oK,Chelsea,ENGLAND - PREMIER LEAGUE - ROUND 19,https://www.flashscore.com/team/chelsea/4fGZN2oK/
rDX0q8Z3,Boreham Wood,ENGLAND - LEAGUE TWO - ROUND 24,https://www.flashscore.com/team/boreham-wood/rDX0q8Z3/
WtTZfbNd,West Ham U21,ENGLAND - LEAGUE TWO - ROUND 24,https://www.flashscore.com/team/west-ham-u21/WtTZfbNd/
zsGOvkCT,Fulham U21,ENGLAND - LEAGUE TWO - ROUND 24,https://www.flashscore.com/team/fulham-u21/zsGOvkCT/
d2vIdDRk,Gateshead,ENGLAND - LEAGUE TWO - ROUND 24,https://www.flashscore.com/team/gateshead/d2vIdDRk/
ri2JbWLB,Cheltenham,ENGLAND - LEAGUE TWO - ROUND 24,https://www.flashscore.com/team/cheltenham/ri2JbWLB/
UyQsXsNl,Wealdstone,ENGLAND - LEAGUE TWO - ROUND 24,https://www.flashscore.com/team/wealdstone/UyQsXsNl/
KCbita83,Newcastle Utd U21,ENGLAND - LEAGUE TWO - ROUND 24,https://www.flashscore.com/team/newcastle-utd-u21/KCbita83/
jwfmsugc,Notts Co,ENGLAND - LEAGUE TWO - ROUND 24,https://www.flashscore.com/team/notts-co/jwfmsugc/
hM2jz9Kp,Leeds U21,ENGLAND - LEAGUE TWO - ROUND 24,https://www.flashscore.com/team/leeds-u21/hM2jz9Kp/
8OOOiMps,Shrewsbury,ENGLAND - LEAGUE TWO - ROUND 24,https://www.flashscore.com/team/shrewsbury/8OOOiMps/
viL6IWr2,Al-Budaiya,Unknown,https://www.flashscore.com/team/aali-club/viL6IWr2/
6gWpBOlo,Al-Muharraq,Unknown,https://www.flashscore.com/team/al-khalidiyah/6gWpBOlo/
K2t60nTi,Aali Club,Unknown,https://www.flashscore.com/team/al-budaiya/K2t60nTi/
SMp0drcT,Al-Najma,Unknown,https://www.flashscore.com/team/al-najma/SMp0drcT/
KEE9fgB1,Al-Shabbab,Unknown,https://www.flashscore.com/team/sitra/KEE9fgB1/
x0Smg25p,Al Riffa,Unknown,https://www.flashscore.com/team/al-riffa/x0Smg25p/
UwXjFqS3,Bahrain SC,Unknown,https://www.flashscore.com/team/bahrain-sc/UwXjFqS3/
pr7cceRr,Malkia,Unknown,https://www.flashscore.com/team/malkia/pr7cceRr/
GjRihMKj,Sitra,Unknown,https://www.flashscore.com/team/al-shabbab/GjRihMKj/
h4I89ZuE,Al Nassr,Unknown,https://www.flashscore.com/team/al-nassr/h4I89ZuE/
bmsNPY6c,Goa,SAUDI ARABIA - SAUDI PROFESSIONAL LEAGUE - ROUND 13,https://www.flashscore.com/team/goa/bmsNPY6c/
hQRUXPon,Al Nassr,SAUDI ARABIA - SAUDI PROFESSIONAL LEAGUE - ROUND 13,https://www.flashscore.com/team/al-nassr/hQRUXPon/
jkrRRHHf,Abi Al Ashar,Unknown,https://www.flashscore.com/team/abi-al-ashar/jkrRRHHf/
UwJEsL9E,Al-Majd,Unknown,https://www.flashscore.com/team/al-majd/UwJEsL9E/
6PbLEfbd,Welayta Dicha,Unknown,https://www.flashscore.com/team/welayta-dicha/6PbLEfbd/
hA1Zm19f,Bournemouth,Unknown,https://www.flashscore.com/team/arsenal/hA1Zm19f/
nLBbqJDS,KuPS,ENGLAND - PREMIER LEAGUE - ROUND 19,https://www.flashscore.com/team/kups/nLBbqJDS/
OjQROO8j,Crystal Palace,ENGLAND - PREMIER LEAGUE - ROUND 19,https://www.flashscore.com/team/crystal-palace/OjQROO8j/
z3dmTMMO,Burnley,Unknown,https://www.flashscore.com/team/burnley/z3dmTMMO/
ppjDR086,Tottenham,ENGLAND - PREMIER LEAGUE - ROUND 19,https://www.flashscore.com/team/tottenham/ppjDR086/
nP6UzIU1,Strasbourg,Unknown,https://www.flashscore.com/team/strasbourg/nP6UzIU1/
Cxq57r8g,Wolves,Unknown,https://www.flashscore.com/team/west-ham/Cxq57r8g/
UsushcZr,Nottingham,Unknown,https://www.flashscore.com/team/nottingham/UsushcZr/
p6ahwuwJ,Manchester City,ENGLAND - PREMIER LEAGUE - ROUND 19,https://www.flashscore.com/team/manchester-city/p6ahwuwJ/
KluSTr9s,Sunderland,ENGLAND - PREMIER LEAGUE - ROUND 19,https://www.flashscore.com/team/sunderland/KluSTr9s/
j3Azpf5d,West Ham,Unknown,https://www.flashscore.com/team/wolves/j3Azpf5d/
2XrRecc3,Brighton,Unknown,https://www.flashscore.com/team/brighton/2XrRecc3/
Iw7eKK25,Como,ITALY - SERIE A - ROUND 18,https://www.flashscore.com/team/como/Iw7eKK25/
M9UEHJWi,PSV,ENGLAND - PREMIER LEAGUE - ROUND 19,https://www.flashscore.com/team/psv/M9UEHJWi/
W00wmLO0,Aston Villa,Unknown,https://www.flashscore.com/team/aston-villa/W00wmLO0/
2wpo7PBj,Modern Sport,EGYPT - LEAGUE CUP - ROUND 4,https://www.flashscore.com/team/modern-sport/2wpo7PBj/
nL7hY2js,Modern Sport,EGYPT - LEAGUE CUP - ROUND 4,https://www.flashscore.com/team/modern-sport/nL7hY2js/
WYauVS3c,Ghazl El Mahallah,EGYPT - LEAGUE CUP - ROUND 4,https://www.flashscore.com/team/ghazl-el-mahallah/WYauVS3c/
EsnkB6qC,Ironi Tiberias,Unknown,https://www.flashscore.com/team/ironi-tiberias/EsnkB6qC/
jHv2BXr7,H. Beer Sheva,Unknown,https://www.flashscore.com/team/sakhnin/jHv2BXr7/
req5XE5Q,Maccabi Tel Aviv,Unknown,https://www.flashscore.com/team/maccabi-tel-aviv/req5XE5Q/
nsYMzMPe,Beitar Jerusalem,ISRAEL - LIGAT HA'AL - ROUND 16,https://www.flashscore.com/team/beitar-jerusalem/nsYMzMPe/
GGDwMfj9,Maccabi Bnei Raina,Unknown,https://www.flashscore.com/team/maccabi-bnei-raina/GGDwMfj9/
QN0gwBSC,Kiryat Shmona,ISRAEL - LEUMIT LEAGUE - ROUND 17,https://www.flashscore.com/team/kiryat-shmona/QN0gwBSC/
OtpNdwrc,Arsenal,Unknown,https://www.flashscore.com/team/bournemouth/OtpNdwrc/
viXGgnyB,Tottenham,ENGLAND - PREMIER LEAGUE - ROUND 19,https://www.flashscore.com/team/tottenham/viXGgnyB/
CjhkPw0k,PSG,ENGLAND - PREMIER LEAGUE - ROUND 19,https://www.flashscore.com/team/psg/CjhkPw0k/
W8mj7MDD,Real Madrid,SPAIN - LALIGA - ROUND 18,https://www.flashscore.com/team/real-madrid/W8mj7MDD/
4jcj2zMd,Manchester City,ENGLAND - PREMIER LEAGUE - ROUND 19,https://www.flashscore.com/team/manchester-city/4jcj2zMd/
dr6zkmMh,Spanish Town Police,JAMAICA - PREMIER LEAGUE - ROUND 10,https://www.flashscore.com/team/spanish-town-police/dr6zkmMh/
pfDrVtbe,Portmore,JAMAICA - PREMIER LEAGUE - ROUND 10,https://www.flashscore.com/team/portmore/pfDrVtbe/
jL5z86u6,Chapelton,JAMAICA - PREMIER LEAGUE - ROUND 10,https://www.flashscore.com/team/chapelton/jL5z86u6/
AHBD4DSI,Arnett Gardens,JAMAICA - PREMIER LEAGUE - ROUND 10,https://www.flashscore.com/team/arnett-gardens/AHBD4DSI/
tnfra3K8,Treasure Beach,JAMAICA - PREMIER LEAGUE - ROUND 10,https://www.flashscore.com/team/treasure-beach/tnfra3K8/
UuOW3jq1,Chapelton,JAMAICA - PREMIER LEAGUE - ROUND 10,https://www.flashscore.com/team/chapelton/UuOW3jq1/
MHizSXtf,Racing United,JAMAICA - PREMIER LEAGUE - ROUND 10,https://www.flashscore.com/team/racing-united/MHizSXtf/
EqamFmnd,Treasure Beach,JAMAICA - PREMIER LEAGUE - ROUND 10,https://www.flashscore.com/team/treasure-beach/EqamFmnd/
pSsPYXRh,Montego Bay,JAMAICA - PREMIER LEAGUE - ROUND 10,https://www.flashscore.com/team/montego-bay/pSsPYXRh/
EZUb42dG,Chapelton,JAMAICA - PREMIER LEAGUE - ROUND 10,https://www.flashscore.com/team/chapelton/EZUb42dG/
ULAHJbS6,Chapelton,JAMAICA - PREMIER LEAGUE - ROUND 10,https://www.flashscore.com/team/chapelton/ULAHJbS6/
lrJ7nxoC,Chapelton,JAMAICA - PREMIER LEAGUE - ROUND 10,https://www.flashscore.com/team/chapelton/lrJ7nxoC/
rHBaAPAC,Gokulam Kerala W,Unknown,https://www.flashscore.com/team/garhwal-united/rHBaAPAC/
tvcuFmUG,Garhwal United W,Unknown,https://www.flashscore.com/team/gokulam-kerala/tvcuFmUG/
pdKLgDFK,Kickstart W,Unknown,https://www.flashscore.com/team/kickstart/pdKLgDFK/
AgGCMe5F,Sreebhumi W,Unknown,https://www.flashscore.com/team/sreebhumi/AgGCMe5F/
MuG3yiYp,PWD Sports Club,BANGLADESH - BFL - ROUND 9,https://www.flashscore.com/team/pwd-sports-club/MuG3yiYp/
6gHbafQi,Mohammedan,BANGLADESH - BFL - ROUND 9,https://www.flashscore.com/team/mohammedan/6gHbafQi/
fV9emBhl,Nita FA W,Unknown,https://www.flashscore.com/team/east-bengal/fV9emBhl/
W84LKZZR,East Bengal W,Unknown,https://www.flashscore.com/team/nita-fa/W84LKZZR/
dORFCFit,Sesa FA W,Unknown,https://www.flashscore.com/team/sesa-fa/dORFCFit/
veGvlaYj,Sethu W,Unknown,https://www.flashscore.com/team/sethu/veGvlaYj/
UTP49N1l,Meia Noite U20,Unknown,https://www.flashscore.com/team/associacao-esportiva-real/UTP49N1l/
zT7WRVHF,Esportiva Real U20,Unknown,https://www.flashscore.com/team/meia-noite/zT7WRVHF/
21AL1RQp,Al Wasl,Unknown,https://www.flashscore.com/team/al-wahda/21AL1RQp/
WnyRy5t6,Khorfakkan,Unknown,https://www.flashscore.com/team/al-dhafra/WnyRy5t6/
AwzVzPeC,Al Dhafra,Unknown,https://www.flashscore.com/team/khorfakkan/AwzVzPeC/
nNbDAhrs,H. Ironi Rishon,Unknown,https://www.flashscore.com/team/h-ironi-rishon/nNbDAhrs/
j3OAwu2L,Hapoel Afula,Unknown,https://www.flashscore.com/team/hapoel-afula/j3OAwu2L/
xdPX7jSa,Hap. Ramat Gan,Unknown,https://www.flashscore.com/team/hapoel-ramat-gan/xdPX7jSa/
rwgzOnGd,Maccabi Jaffa,Unknown,https://www.flashscore.com/team/maccabi-jaffa/rwgzOnGd/
pEhouXc0,Hapoel Kfar Saba,Unknown,https://www.flashscore.com/team/hapoel-kfar-saba/pEhouXc0/
tzLcThTm,Maccabi Petah Tikva,Unknown,https://www.flashscore.com/team/maccabi-petah-tikva/tzLcThTm/
2m3GbPH2,M. Herzliya,Unknown,https://www.flashscore.com/team/h-raanana/2m3GbPH2/
p4VWSYDs,H. Raanana,Unknown,https://www.flashscore.com/team/m-herzliya/p4VWSYDs/
fucQuOnS,MS Kafr Qasim,Unknown,https://www.flashscore.com/team/hapoel-akko/fucQuOnS/
KtEMhbTp,H. Akko,Unknown,https://www.flashscore.com/team/ms-kafr-qasim/KtEMhbTp/
2wR15I0F,Kelantan The Real Warriors,Unknown,https://www.flashscore.com/team/kelantan-the-real-warriors/2wR15I0F/
EqLgadT1,Kuching City FC,Unknown,https://www.flashscore.com/team/kuching-city-fc/EqLgadT1/
lvWVs1Kj,Al Nasr,Unknown,https://www.flashscore.com/team/al-nasr/lvWVs1Kj/
EFY2qsJc,Sohar,Unknown,https://www.flashscore.com/team/sohar/EFY2qsJc/
UanWW9fq,Al Najma,Unknown,https://www.flashscore.com/team/al-khaleej/UanWW9fq/
0QD6GL0s,Al Khaleej,Unknown,https://www.flashscore.com/team/al-najma/0QD6GL0s/
jTUBmrZ7,Coritiba U20,Unknown,https://www.flashscore.com/team/coritiba/jTUBmrZ7/
GMSKe6RR,Ponte Preta U20,Unknown,https://www.flashscore.com/team/ponte-preta/GMSKe6RR/
ncrXAWGn,Al Ettifaq,Unknown,https://www.flashscore.com/team/al-ettifaq-fc/ncrXAWGn/
tKjRGGMC,Al Okhdood,Unknown,https://www.flashscore.com/team/al-okhdood/tKjRGGMC/
Q9bvX5Vr,ADVSA,Unknown,https://www.flashscore.com/team/attram-de-visser/Q9bvX5Vr/
4M0xaPo6,WAFA,Unknown,https://www.flashscore.com/team/wafa/4M0xaPo6/
QcARYoMF,Sekondi Eleven Wise,Unknown,https://www.flashscore.com/team/eleven/QcARYoMF/
zZlH55uj,Sefwi All Stars,Unknown,https://www.flashscore.com/team/sefwi-all-stars/zZlH55uj/
pI7Ye272,Hohoe United,Unknown,https://www.flashscore.com/team/heart-of-lions/pI7Ye272/
O8AptnH2,Heart of Lions,Unknown,https://www.flashscore.com/team/hohoe-united/O8AptnH2/
UX1exRBg,Al Ain,Unknown,https://www.flashscore.com/team/al-ain/UX1exRBg/
YqFkJ2t6,Al Sharjah,Unknown,https://www.flashscore.com/team/al-sharjah/YqFkJ2t6/
40ZYZrBI,Bani Yas,Unknown,https://www.flashscore.com/team/al-nasr/40ZYZrBI/
8riCzYNT,Al Nasr,Unknown,https://www.flashscore.com/team/bani-yas/8riCzYNT/
xx8n54PO,Al Seeb,BANGLADESH - BFL - ROUND 9,https://www.flashscore.com/team/al-seeb/xx8n54PO/
tMWj6OR3,Saham,Unknown,https://www.flashscore.com/team/saham/tMWj6OR3/
Wfaskwf0,Kabylie,Unknown,https://www.flashscore.com/team/kabylie/Wfaskwf0/
tnY2Lfcp,MC Alger,Unknown,https://www.flashscore.com/team/mc-alger/tnY2Lfcp/
jL9qWdNF,AS ZAM,Unknown,https://www.flashscore.com/team/as-zam/jL9qWdNF/
4OI9Vfj6,US Gendarmerie,Unknown,https://www.flashscore.com/team/us-gendarmerie/4OI9Vfj6/
Mawqn4bt,Sahel,Unknown,https://www.flashscore.com/team/js-tahoua/Mawqn4bt/
WKdnEd5s,Tahoua,Unknown,https://www.flashscore.com/team/sahel/WKdnEd5s/
Ior3fTEA,Gicumbi,Unknown,https://www.flashscore.com/team/al-hilal-omdurman/Ior3fTEA/
lWbeaW9A,Al-Hilal Omdurman,Unknown,https://www.flashscore.com/team/gicumbi/lWbeaW9A/
hpSsxUOc,Luawa,Unknown,https://www.flashscore.com/team/bullom-stars/hpSsxUOc/
Ygzjz8gA,Bullom Stars,Unknown,https://www.flashscore.com/team/luawa/Ygzjz8gA/
SfrvtC21,Wilberforce Strikers,Unknown,https://www.flashscore.com/team/bhantal/SfrvtC21/
4vWTdW5n,Bhantal,Unknown,https://www.flashscore.com/team/wilberforce-strikers/4vWTdW5n/
fw137af7,Omonia Aradippou,Unknown,https://www.flashscore.com/team/krasava/fw137af7/
lbEQcoSc,Krasava,Unknown,https://www.flashscore.com/team/omonia-aradippou/lbEQcoSc/
0MHmoCY0,Al Ahli SC,Unknown,https://www.flashscore.com/team/al-ahli-sc/0MHmoCY0/
CAeUkUWq,Votuporanguense U20,Unknown,https://www.flashscore.com/team/galvez/CAeUkUWq/
tj9e6vLc,Galvez U20,Unknown,https://www.flashscore.com/team/votuporanguense/tj9e6vLc/
CS0fFFd8,Gil Vicente,Unknown,https://www.flashscore.com/team/gil-vicente/CS0fFFd8/
tljXuHBC,Sporting CP,Unknown,https://www.flashscore.com/team/sporting-cp/tljXuHBC/
C2xKyq0a,Mirassol U20,Unknown,https://www.flashscore.com/team/forte/C2xKyq0a/
dnPuQaIE,Forte U20,Unknown,https://www.flashscore.com/team/mirassol/dnPuQaIE/
OEsEpExD,Eibar,Unknown,https://www.flashscore.com/team/eibar/OEsEpExD/
48Z7G1Sf,Mirandes,Unknown,https://www.flashscore.com/team/mirandes/48Z7G1Sf/
IBmris38,Toulouse,Unknown,https://www.flashscore.com/team/lens/IBmris38/
MLmY2yB1,Lens,Unknown,https://www.flashscore.com/team/toulouse/MLmY2yB1/
8Sa8HInO,Cagliari,Unknown,https://www.flashscore.com/team/ac-milan/8Sa8HInO/
SCGVmKHb,Como,ITALY - SERIE A - ROUND 18,https://www.flashscore.com/team/como/SCGVmKHb/
2B9zTTrh,Larne,Unknown,https://www.flashscore.com/team/coleraine/2B9zTTrh/
44wiLnI5,Coleraine,Unknown,https://www.flashscore.com/team/larne/44wiLnI5/
dboeiWOt,Rayo Vallecano,Unknown,https://www.flashscore.com/team/getafe/dboeiWOt/
8bcjFy6O,Getafe,Unknown,https://www.flashscore.com/team/rayo-vallecano/8bcjFy6O/
4ETLrR7n,Vitoria Guimaraes,Unknown,https://www.flashscore.com/team/nacional/4ETLrR7n/
pQYVZyD2,Nacional,Unknown,https://www.flashscore.com/team/vitoria-guimaraes/pQYVZyD2/
YZNGtYoR,Gremio U20,Unknown,https://www.flashscore.com/team/falcon/YZNGtYoR/
dKYIffmT,Falcon U20,Unknown,https://www.flashscore.com/team/gremio/dKYIffmT/
Ii8Wl3Sg,Sport Recife U20,Unknown,https://www.flashscore.com/team/linense/Ii8Wl3Sg/
QJIC2sEm,Linense U20,Unknown,https://www.flashscore.com/team/sport-recife/QJIC2sEm/
SKPGfg0E,Sethu W,INDIA - IWL WOMEN - ROUND 5,https://www.flashscore.com/team/sethu-w/SKPGfg0E/
tS5iliwr,Odisha FC W,INDIA - IWL WOMEN - ROUND 5,https://www.flashscore.com/team/odisha-fc-w/tS5iliwr/
vBusGp2f,Fortis,Unknown,https://www.flashscore.com/team/fortis/vBusGp2f/
WvSZCTKs,Rahmatgonj MFS,Unknown,https://www.flashscore.com/team/rahmatgonj-mfs/WvSZCTKs/
Wbd1dyAk,Arambagh,Unknown,https://www.flashscore.com/team/arambagh/Wbd1dyAk/
fVCqgPH3,Abahani Limited,Unknown,https://www.flashscore.com/team/abahani-limited-dhaka/fVCqgPH3/
htcj68ms,Fakirerpool YMC,Unknown,https://www.flashscore.com/team/bashundara-kings/htcj68ms/
WMZvNPvn,PWD Sports Club,Unknown,https://www.flashscore.com/team/pwd-sports-club/WMZvNPvn/
ImWrQgcO,Bashundara Kings,Unknown,https://www.flashscore.com/team/fakirerpool-ymc/ImWrQgcO/
IJIz8OYm,Bangladesh Police,Unknown,https://www.flashscore.com/team/bangladesh-police/IJIz8OYm/
hx0kwgI4,Nasaf Qarshi W,INDIA - IWL WOMEN - ROUND 5,https://www.flashscore.com/team/nasaf-qarshi-w/hx0kwgI4/
00opOylF,Wuhan Jiangda W,INDIA - IWL WOMEN - ROUND 5,https://www.flashscore.com/team/wuhan-jiangda-w/00opOylF/
dA6tuFmh,Bam Khatoon W,INDIA - IWL WOMEN - ROUND 5,https://www.flashscore.com/team/bam-khatoon-w/dA6tuFmh/
4YubLFT8,Kitchee W,INDIA - IWL WOMEN - ROUND 5,https://www.flashscore.com/team/kitchee-w/4YubLFT8/
WI5EbkIt,East Bengal W,INDIA - IWL WOMEN - ROUND 5,https://www.flashscore.com/team/east-bengal-w/WI5EbkIt/
2eHlABP4,Dibba Al Fujairah,Unknown,https://www.flashscore.com/team/dibba-al-fujairah/2eHlABP4/
WUREBBlh,Al Jazira,Unknown,https://www.flashscore.com/team/al-jazira/WUREBBlh/
CtP7yoRa,Ajman,Unknown,https://www.flashscore.com/team/ajman/CtP7yoRa/
SQrTeoKd,Al-Gharafa,UNITED ARAB EMIRATES - UAE LEAGUE - ROUND 11,https://www.flashscore.com/team/al-gharafa/SQrTeoKd/
AkENgqwB,Al Ahli SC,SAUDI ARABIA - SAUDI PROFESSIONAL LEAGUE - ROUND 13,https://www.flashscore.com/team/al-ahli-sc/AkENgqwB/
W0GrbSph,Al Wahda,UNITED ARAB EMIRATES - UAE LEAGUE - ROUND 11,https://www.flashscore.com/team/al-wahda/W0GrbSph/
EiQ5g3JL,Shabab Al-Ahli Dubai,Unknown,https://www.flashscore.com/team/shabab-al-ahli-dubai/EiQ5g3JL/
CxR74upk,Ittihad Kalba,Unknown,https://www.flashscore.com/team/ittihad-kalba/CxR74upk/
ABf8Ftqg,Al Bataeh,Unknown,https://www.flashscore.com/team/al-bataeh/ABf8Ftqg/
lYq1YfjK,Bnei Yehuda,ISRAEL - LEUMIT LEAGUE - ROUND 17,https://www.flashscore.com/team/bnei-yehuda/lYq1YfjK/
29PRngvi,Hapoel Hadera,ISRAEL - LEUMIT LEAGUE - ROUND 17,https://www.flashscore.com/team/hapoel-hadera/29PRngvi/
AP8MR2hC,M. Herzliya,ISRAEL - LEUMIT LEAGUE - ROUND 17,https://www.flashscore.com/team/m.-herzliya/AP8MR2hC/
hjn53BuM,H. Akko,ISRAEL - LEUMIT LEAGUE - ROUND 17,https://www.flashscore.com/team/h.-akko/hjn53BuM/
lOlgXWps,Kiryat Yam,ISRAEL - LEUMIT LEAGUE - ROUND 17,https://www.flashscore.com/team/kiryat-yam/lOlgXWps/
GGEeSGq9,H. Akko,ISRAEL - LEUMIT LEAGUE - ROUND 17,https://www.flashscore.com/team/h.-akko/GGEeSGq9/
zsnMjzSE,MS Kafr Qasim,ISRAEL - LEUMIT LEAGUE - ROUND 17,https://www.flashscore.com/team/ms-kafr-qasim/zsnMjzSE/
YsuW1tSO,M. Kiryat Ata-Bialik,ISRAEL - LEUMIT LEAGUE - ROUND 17,https://www.flashscore.com/team/m.-kiryat-ata-bialik/YsuW1tSO/
xIfobIQp,Hap. Ramat Gan,ISRAEL - LEUMIT LEAGUE - ROUND 17,https://www.flashscore.com/team/hap.-ramat-gan/xIfobIQp/
dO5fUI4j,SC Dimona,ISRAEL - LEUMIT LEAGUE - ROUND 17,https://www.flashscore.com/team/sc-dimona/dO5fUI4j/
6HFB6pD3,Kiryat Gat,ISRAEL - LEUMIT LEAGUE - ROUND 17,https://www.flashscore.com/team/kiryat-gat/6HFB6pD3/
2ycki2Lp,H. Raanana,ISRAEL - LEUMIT LEAGUE - ROUND 17,https://www.flashscore.com/team/h.-raanana/2ycki2Lp/
GArUznJ9,MS Kafr Qasim,ISRAEL - LEUMIT LEAGUE - ROUND 17,https://www.flashscore.com/team/ms-kafr-qasim/GArUznJ9/
QNIKZx6d,MS Kafr Qasim,ISRAEL - LEUMIT LEAGUE - ROUND 17,https://www.flashscore.com/team/ms-kafr-qasim/QNIKZx6d/
n3k5t815,Al Murooj,LIBYA - PREMIER LEAGUE - ROUND 3,https://www.flashscore.com/team/al-murooj/n3k5t815/
YcpXUsQ8,Al Branes,LIBYA - PREMIER LEAGUE - ROUND 3,https://www.flashscore.com/team/al-branes/YcpXUsQ8/
lMUAAz44,Negeri Sembilan,MALAYSIA - SUPER LEAGUE - ROUND 14,https://www.flashscore.com/team/negeri-sembilan/lMUAAz44/
AVV6BGlb,Melbourne City,AUSTRALIA - A-LEAGUE - ROUND 11,https://www.flashscore.com/team/melbourne-city/AVV6BGlb/
drQ7lgso,Kelantan The Real Warriors,MALAYSIA - SUPER LEAGUE - ROUND 14,https://www.flashscore.com/team/kelantan-the-real-warriors/drQ7lgso/
re2YdYmN,Kuala Lumpur City,MALAYSIA - SUPER LEAGUE - ROUND 14,https://www.flashscore.com/team/kuala-lumpur-city/re2YdYmN/
WUPN62XK,Sabah,Unknown,https://www.flashscore.com/team/sabah/WUPN62XK/
d4mW0ZS6,Melaka FC,Unknown,https://www.flashscore.com/team/melaka-fc/d4mW0ZS6/
